-- phpMyAdmin SQL Dump
-- version 5.1.1
-- https://www.phpmyadmin.net/
--
-- Host: 127.0.0.1
-- Generation Time: Dec 04, 2022 at 04:21 PM
-- Server version: 10.5.17-MariaDB-cll-lve
-- PHP Version: 7.2.34

SET SQL_MODE = "NO_AUTO_VALUE_ON_ZERO";
START TRANSACTION;
SET time_zone = "+00:00";


/*!40101 SET @OLD_CHARACTER_SET_CLIENT=@@CHARACTER_SET_CLIENT */;
/*!40101 SET @OLD_CHARACTER_SET_RESULTS=@@CHARACTER_SET_RESULTS */;
/*!40101 SET @OLD_COLLATION_CONNECTION=@@COLLATION_CONNECTION */;
/*!40101 SET NAMES utf8mb4 */;

--
-- Database: `u355635638_longnguyen`
--

-- --------------------------------------------------------

--
-- Table structure for table `attributes`
--

CREATE TABLE `attributes` (
  `idAttribute` int(11) NOT NULL,
  `idOption` int(11) NOT NULL,
  `nameAttribute` varchar(100) NOT NULL,
  `priceAttribute` int(11) NOT NULL
) ENGINE=InnoDB DEFAULT CHARSET=utf8mb4;

-- --------------------------------------------------------

--
-- Table structure for table `brands`
--

CREATE TABLE `brands` (
  `idBrand` int(11) NOT NULL,
  `idCategory` int(11) NOT NULL,
  `name` varchar(200) NOT NULL
) ENGINE=InnoDB DEFAULT CHARSET=utf8mb4;

--
-- Dumping data for table `brands`
--

INSERT INTO `brands` (`idBrand`, `idCategory`, `name`) VALUES
(1, 1, 'Apple'),
(2, 1, 'SamSung'),
(3, 2, 'Apple'),
(4, 2, 'Dell');

-- --------------------------------------------------------

--
-- Table structure for table `categories`
--

CREATE TABLE `categories` (
  `idCategory` int(11) NOT NULL,
  `name` varchar(200) NOT NULL,
  `url` varchar(30) NOT NULL
) ENGINE=InnoDB DEFAULT CHARSET=utf8mb4;

--
-- Dumping data for table `categories`
--

INSERT INTO `categories` (`idCategory`, `name`, `url`) VALUES
(1, 'Điện thoại', 'dien-thoai'),
(2, 'Laptop', 'laptop'),
(4, 'Tabet', 'hoang-long-1'),
(7, 'Pc', 'hoang-long-1'),
(8, 'Màn hình', 'hoang-long-1'),
(9, 'Hoang Long 1', 'hoang-long-1'),
(10, 'Hoang Long 1', 'hoang-long-1'),
(11, 'Hoang Long 1', 'hoang-long-1'),
(12, 'Hoang Long 1', 'hoang-long-1');

-- --------------------------------------------------------

--
-- Table structure for table `cities`
--

CREATE TABLE `cities` (
  `idCity` int(11) NOT NULL,
  `city` varchar(225) NOT NULL,
  `type` varchar(225) NOT NULL
) ENGINE=InnoDB DEFAULT CHARSET=utf8mb4;

--
-- Dumping data for table `cities`
--

INSERT INTO `cities` (`idCity`, `city`, `type`) VALUES
(1, 'Thành phố Hà Nội', 'Thành phố Trung ương'),
(2, 'Tỉnh Hà Giang', 'Tỉnh'),
(4, 'Tỉnh Cao Bằng', 'Tỉnh'),
(6, 'Tỉnh Bắc Kạn', 'Tỉnh'),
(8, 'Tỉnh Tuyên Quang', 'Tỉnh'),
(10, 'Tỉnh Lào Cai', 'Tỉnh'),
(11, 'Tỉnh Điện Biên', 'Tỉnh'),
(12, 'Tỉnh Lai Châu', 'Tỉnh'),
(14, 'Tỉnh Sơn La', 'Tỉnh'),
(15, 'Tỉnh Yên Bái', 'Tỉnh'),
(17, 'Tỉnh Hoà Bình', 'Tỉnh'),
(19, 'Tỉnh Thái Nguyên', 'Tỉnh'),
(20, 'Tỉnh Lạng Sơn', 'Tỉnh'),
(22, 'Tỉnh Quảng Ninh', 'Tỉnh'),
(24, 'Tỉnh Bắc Giang', 'Tỉnh'),
(25, 'Tỉnh Phú Thọ', 'Tỉnh'),
(26, 'Tỉnh Vĩnh Phúc', 'Tỉnh'),
(27, 'Tỉnh Bắc Ninh', 'Tỉnh'),
(30, 'Tỉnh Hải Dương', 'Tỉnh'),
(31, 'Thành phố Hải Phòng', 'Thành phố Trung ương'),
(33, 'Tỉnh Hưng Yên', 'Tỉnh'),
(34, 'Tỉnh Thái Bình', 'Tỉnh'),
(35, 'Tỉnh Hà Nam', 'Tỉnh'),
(36, 'Tỉnh Nam Định', 'Tỉnh'),
(37, 'Tỉnh Ninh Bình', 'Tỉnh'),
(38, 'Tỉnh Thanh Hóa', 'Tỉnh'),
(40, 'Tỉnh Nghệ An', 'Tỉnh'),
(42, 'Tỉnh Hà Tĩnh', 'Tỉnh'),
(44, 'Tỉnh Quảng Bình', 'Tỉnh'),
(45, 'Tỉnh Quảng Trị', 'Tỉnh'),
(46, 'Tỉnh Thừa Thiên Huế', 'Tỉnh'),
(48, 'Thành phố Đà Nẵng', 'Thành phố Trung ương'),
(49, 'Tỉnh Quảng Nam', 'Tỉnh'),
(51, 'Tỉnh Quảng Ngãi', 'Tỉnh'),
(52, 'Tỉnh Bình Định', 'Tỉnh'),
(54, 'Tỉnh Phú Yên', 'Tỉnh'),
(56, 'Tỉnh Khánh Hòa', 'Tỉnh'),
(58, 'Tỉnh Ninh Thuận', 'Tỉnh'),
(60, 'Tỉnh Bình Thuận', 'Tỉnh'),
(62, 'Tỉnh Kon Tum', 'Tỉnh'),
(64, 'Tỉnh Gia Lai', 'Tỉnh'),
(66, 'Tỉnh Đắk Lắk', 'Tỉnh'),
(67, 'Tỉnh Đắk Nông', 'Tỉnh'),
(68, 'Tỉnh Lâm Đồng', 'Tỉnh'),
(70, 'Tỉnh Bình Phước', 'Tỉnh'),
(72, 'Tỉnh Tây Ninh', 'Tỉnh'),
(74, 'Tỉnh Bình Dương', 'Tỉnh'),
(75, 'Tỉnh Đồng Nai', 'Tỉnh'),
(77, 'Tỉnh Bà Rịa - Vũng Tàu', 'Tỉnh'),
(79, 'Thành phố Hồ Chí Minh', 'Thành phố Trung ương'),
(80, 'Tỉnh Long An', 'Tỉnh'),
(82, 'Tỉnh Tiền Giang', 'Tỉnh'),
(83, 'Tỉnh Bến Tre', 'Tỉnh'),
(84, 'Tỉnh Trà Vinh', 'Tỉnh'),
(86, 'Tỉnh Vĩnh Long', 'Tỉnh'),
(87, 'Tỉnh Đồng Tháp', 'Tỉnh'),
(89, 'Tỉnh An Giang', 'Tỉnh'),
(91, 'Tỉnh Kiên Giang', 'Tỉnh'),
(92, 'Thành phố Cần Thơ', 'Thành phố Trung ương'),
(93, 'Tỉnh Hậu Giang', 'Tỉnh'),
(94, 'Tỉnh Sóc Trăng', 'Tỉnh'),
(95, 'Tỉnh Bạc Liêu', 'Tỉnh'),
(96, 'Tỉnh Cà Mau', 'Tỉnh');

-- --------------------------------------------------------

--
-- Table structure for table `customers`
--

CREATE TABLE `customers` (
  `idCustomer` int(11) NOT NULL,
  `name` varchar(50) NOT NULL,
  `email` varchar(100) NOT NULL,
  `avatar` varchar(100) NOT NULL,
  `phone` varchar(15) NOT NULL,
  `password` text NOT NULL,
  `address` varchar(100) NOT NULL,
  `isActive` tinyint(1) NOT NULL,
  `idCity` int(11) NOT NULL,
  `idDistrict` int(11) NOT NULL,
  `role` varchar(11) NOT NULL DEFAULT 'user',
  `isAdmin` tinyint(1) NOT NULL,
  `lastLoginAt` datetime NOT NULL,
  `registedAt` datetime NOT NULL DEFAULT current_timestamp()
) ENGINE=InnoDB DEFAULT CHARSET=utf8mb4;

--
-- Dumping data for table `customers`
--

INSERT INTO `customers` (`idCustomer`, `name`, `email`, `avatar`, `phone`, `password`, `address`, `isActive`, `idCity`, `idDistrict`, `role`, `isAdmin`, `lastLoginAt`, `registedAt`) VALUES
(1, 'Hoang Long', 'long_1851220087@dau.edu.vn', '', '', '$2b$10$zG9mqeIuC7tC4c9B.klIWeI.noY0q0x8cgW/9PgWiqi44ueaR4PUO', '', 1, 1, 1, 'user', 0, '0000-00-00 00:00:00', '2022-10-10 20:36:55'),
(2, 'Hoang Long Admin One', 'longnguyen.080400@gmail.com', '', '12341234', '$2b$10$h8Fb60X065tXSaOWowuGseQYh4Cw.31rLRVMWWkqrL33nDHwqRC7u', '', 1, 1, 1, 'admin', 1, '0000-00-00 00:00:00', '2022-10-10 20:36:55'),
(4, 'Hoang Long', 'long@gmail.com', '', '', '$2b$10$h8Fb60X065tXSaOWowuGseQYh4Cw.31rLRVMWWkqrL33nDHwqRC7u', '', 1, 1, 1, 'user', 0, '0000-00-00 00:00:00', '2022-10-19 17:11:07'),
(7, 'Long Nguyen Vo Hoang', 'longnguyen.080401@gmail.com', '', '', '$2b$10$j4OlF8DnWymAVpghPK4QlujIW6z/KPPPKnbcS5TCaN27EMREcJ2R.', '123', 1, 4, 42, 'user', 0, '0000-00-00 00:00:00', '2022-10-22 13:06:40'),
(9, 'Long Nguyen Vo Hoang', 'longnguyen.080402@gmail.com', '', '', '$2b$10$q3feJFikDmQNa/Z.zq5xv.p/ees5SXOCrpDb.ZJ9VjqNhH99qJXCS', 'Thôn Thạch Nham Tây - Xã Hòa Nhơn - Huyện Hòa Vang - Thành phố Đà Nẵng', 1, 6, 64, 'user', 0, '0000-00-00 00:00:00', '2022-10-22 13:11:00'),
(10, 'Long Nguyen Vo Hoang', 'longnguyen.080403@gmail.com', '', '', '$2b$10$fzXDkfz258yAeSOtj455TexfujSH9Oy7kvfy/XxztYXNXuUxoKhFm', 'Thôn Thạch Nham Tây - Xã Hòa Nhơn - Huyện Hòa Vang - Thành phố Đà Nẵng', 1, 6, 64, 'user', 0, '0000-00-00 00:00:00', '2022-10-22 13:12:34'),
(13, 'Long Nguyen Vo Hoang', 'longnguyen.080404@gmail.com', '', '', '$2b$10$WLcTEbtbKRvTzfFffnCXfuqbOJnO0MyvaI5416TinE6.lUlJvcti6', 'Thôn Thạch Nham Tây - Xã Hòa Nhơn - Huyện Hòa Vang - Thành phố Đà Nẵng', 1, 8, 75, 'user', 0, '0000-00-00 00:00:00', '2022-10-22 13:15:01'),
(14, 'Long Nguyen Vo Hoang', 'longnguyen.080405@gmail.com', '', '', '$2b$10$sbQyaHVjXrMdrKVkDCuRn.Swcefo0FxwQGYO4uE7/Vmj.C20VR5pO', 'Thôn Thạch Nham Tây - Xã Hòa Nhơn - Huyện Hòa Vang - Thành phố Đà Nẵng', 1, 4, 43, 'user', 0, '0000-00-00 00:00:00', '2022-10-22 13:17:34'),
(15, 'Long Nguyen Vo Hoang', 'longnguyen.080406@gmail.com', '', '', '$2b$10$kB0VVcF58S0Eg1ifpQ75L.uf8JaE/pDxKAPs5/4xxKREe2AzWzoH.', 'Thôn Thạch Nham Tây - Xã Hòa Nhơn - Huyện Hòa Vang - Thành phố Đà Nẵng', 1, 8, 75, 'user', 0, '0000-00-00 00:00:00', '2022-10-22 13:18:27'),
(16, 'Long Nguyen Vo Hoang', 'longnguyen.080407@gmail.com', '', '', '$2b$10$Sn0rl55wis1rn0ImfoBH7O17hMLOTEjLSUfFT7iArhogJXIkSyyvC', 'Thôn Thạch Nham Tây - Xã Hòa Nhơn - Huyện Hòa Vang - Thành phố Đà Nẵng', 1, 8, 74, 'user', 0, '0000-00-00 00:00:00', '2022-10-22 13:19:42'),
(18, 'Huu Phu', 'longnguyen.080408@gmail.com', '', '', '$2b$10$Sn0rl55wis1rn0ImfoBH7O17hMLOTEjLSUfFT7iArhogJXIkSyyvC', '', 0, 4, 34, 'user', 0, '2022-11-23 08:38:55', '2022-11-23 08:40:19'),
(19, 'Trong Thanh', 'longnguyen.080409@gmail.com', '', '', '$2b$10$Sn0rl55wis1rn0ImfoBH7O17hMLOTEjLSUfFT7iArhogJXIkSyyvC', '', 0, 79, 61, 'user', 0, '2022-11-23 08:38:55', '2022-11-23 08:40:19'),
(20, 'Phuc Hieu', 'longnguyen.080410@gmail.com', '', '', '$2b$10$Sn0rl55wis1rn0ImfoBH7O17hMLOTEjLSUfFT7iArhogJXIkSyyvC', '', 0, 79, 61, 'user', 0, '2022-11-23 08:38:55', '2022-11-23 08:40:19'),
(21, 'Phuc Hieu Nguyen', 'longnguyen.080411@gmail.com', '', '', '$2b$10$Sn0rl55wis1rn0ImfoBH7O17hMLOTEjLSUfFT7iArhogJXIkSyyvC', '', 0, 79, 61, 'user', 0, '2022-11-23 08:38:55', '2022-11-23 08:40:19'),
(22, 'Duc', 'longnguyen.080412@gmail.com', '', '', '$2b$10$Sn0rl55wis1rn0ImfoBH7O17hMLOTEjLSUfFT7iArhogJXIkSyyvC', '', 0, 79, 61, 'user', 0, '2022-11-23 08:38:55', '2022-11-23 08:40:19'),
(23, 'Nguyen', 'longnguyen.080413@gmail.com', '', '', '$2b$10$Sn0rl55wis1rn0ImfoBH7O17hMLOTEjLSUfFT7iArhogJXIkSyyvC', '', 0, 79, 61, 'user', 0, '2022-11-23 08:38:55', '2022-11-23 08:40:19'),
(24, 'Vu Nguyen', 'longnguyen.080414@gmail.com', '', '', '$2b$10$Sn0rl55wis1rn0ImfoBH7O17hMLOTEjLSUfFT7iArhogJXIkSyyvC', '', 0, 79, 61, 'user', 0, '2022-11-23 08:38:55', '2022-11-23 08:40:19'),
(25, 'Hao Nguyen', 'longnguyen.080415@gmail.com', '', '', '$2b$10$Sn0rl55wis1rn0ImfoBH7O17hMLOTEjLSUfFT7iArhogJXIkSyyvC', '', 0, 79, 61, 'user', 0, '2022-11-23 08:38:55', '2022-11-23 08:40:19'),
(26, 'Long ', 'longnguyen.080416@gmail.com', '', '', '$2b$10$fzXDkfz258yAeSOtj455TexfujSH9Oy7kvfy/XxztYXNXuUxoKhFm', 'Thôn Thạch Nham Tây - Xã Hòa Nhơn - Huyện Hòa Vang - Thành phố Đà Nẵng', 1, 6, 64, 'user', 0, '0000-00-00 00:00:00', '2022-10-22 13:12:34'),
(27, 'Long 1', 'longnguyen.080417@gmail.com', '', '', '$2b$10$WLcTEbtbKRvTzfFffnCXfuqbOJnO0MyvaI5416TinE6.lUlJvcti6', 'Thôn Thạch Nham Tây - Xã Hòa Nhơn - Huyện Hòa Vang - Thành phố Đà Nẵng', 1, 8, 75, 'user', 0, '0000-00-00 00:00:00', '2022-10-22 13:15:01'),
(28, 'Long Nguyen Vo Hoang', 'longnguyen.080418@gmail.com', '', '', '$2b$10$sbQyaHVjXrMdrKVkDCuRn.Swcefo0FxwQGYO4uE7/Vmj.C20VR5pO', 'Thôn Thạch Nham Tây - Xã Hòa Nhơn - Huyện Hòa Vang - Thành phố Đà Nẵng', 1, 4, 43, 'user', 0, '0000-00-00 00:00:00', '2022-10-22 13:17:34'),
(29, 'Long Nguyen Vo Hoang', 'longnguyen.080419@gmail.com', '', '', '$2b$10$kB0VVcF58S0Eg1ifpQ75L.uf8JaE/pDxKAPs5/4xxKREe2AzWzoH.', 'Thôn Thạch Nham Tây - Xã Hòa Nhơn - Huyện Hòa Vang - Thành phố Đà Nẵng', 1, 8, 75, 'user', 0, '0000-00-00 00:00:00', '2022-10-22 13:18:27'),
(30, 'Long Nguyen Vo Hoang', 'longnguyen.080420@gmail.com', '', '', '$2b$10$Sn0rl55wis1rn0ImfoBH7O17hMLOTEjLSUfFT7iArhogJXIkSyyvC', 'Thôn Thạch Nham Tây - Xã Hòa Nhơn - Huyện Hòa Vang - Thành phố Đà Nẵng', 1, 8, 74, 'user', 0, '0000-00-00 00:00:00', '2022-10-22 13:19:42'),
(31, 'Huu Phu', 'longnguyen.080421@gmail.com', '', '', '$2b$10$Sn0rl55wis1rn0ImfoBH7O17hMLOTEjLSUfFT7iArhogJXIkSyyvC', '', 0, 4, 34, 'user', 0, '2022-11-23 08:38:55', '2022-11-23 08:40:19'),
(32, 'Trong Thanh', 'longnguyen.080422@gmail.com', '', '', '$2b$10$Sn0rl55wis1rn0ImfoBH7O17hMLOTEjLSUfFT7iArhogJXIkSyyvC', '', 0, 79, 61, 'user', 0, '2022-11-23 08:38:55', '2022-11-23 08:40:19'),
(33, 'Phuc Hieu', 'longnguyen.080423@gmail.com', '', '', '$2b$10$Sn0rl55wis1rn0ImfoBH7O17hMLOTEjLSUfFT7iArhogJXIkSyyvC', '', 0, 79, 61, 'user', 0, '2022-11-23 08:38:55', '2022-11-23 08:40:19'),
(34, 'Phuc Hieu Nguyen', 'longnguyen.080424@gmail.com', '', '', '$2b$10$Sn0rl55wis1rn0ImfoBH7O17hMLOTEjLSUfFT7iArhogJXIkSyyvC', '', 0, 79, 61, 'user', 0, '2022-11-23 08:38:55', '2022-11-23 08:40:19'),
(35, 'Duc', 'longnguyen.080425@gmail.com', '', '', '$2b$10$Sn0rl55wis1rn0ImfoBH7O17hMLOTEjLSUfFT7iArhogJXIkSyyvC', '', 0, 79, 61, 'user', 0, '2022-11-23 08:38:55', '2022-11-23 08:40:19'),
(36, 'Nguyen', 'longnguyen.080426@gmail.com', '', '', '$2b$10$Sn0rl55wis1rn0ImfoBH7O17hMLOTEjLSUfFT7iArhogJXIkSyyvC', '', 0, 79, 61, 'user', 0, '2022-11-23 08:38:55', '2022-11-23 08:40:19'),
(37, 'Vu Nguyen', 'longnguyen.080427@gmail.com', '', '', '$2b$10$Sn0rl55wis1rn0ImfoBH7O17hMLOTEjLSUfFT7iArhogJXIkSyyvC', '', 0, 79, 61, 'user', 0, '2022-11-23 08:38:55', '2022-11-23 08:40:19'),
(38, 'Hao Nguyen', 'longnguyen.080428@gmail.com', '', '', '$2b$10$Sn0rl55wis1rn0ImfoBH7O17hMLOTEjLSUfFT7iArhogJXIkSyyvC', '', 0, 79, 61, 'user', 0, '2022-11-23 08:38:55', '2022-11-23 08:40:19');

-- --------------------------------------------------------

--
-- Table structure for table `districts`
--

CREATE TABLE `districts` (
  `idDistrict` int(11) NOT NULL,
  `district` varchar(225) NOT NULL,
  `type` varchar(225) NOT NULL,
  `idCity` int(11) NOT NULL
) ENGINE=InnoDB DEFAULT CHARSET=utf8mb4;

--
-- Dumping data for table `districts`
--

INSERT INTO `districts` (`idDistrict`, `district`, `type`, `idCity`) VALUES
(1, 'Quận Ba Đình', 'Quận', 1),
(2, 'Quận Hoàn Kiếm', 'Quận', 1),
(3, 'Quận Tây Hồ', 'Quận', 1),
(4, 'Quận Long Biên', 'Quận', 1),
(5, 'Quận Cầu Giấy', 'Quận', 1),
(6, 'Quận Đống Đa', 'Quận', 1),
(7, 'Quận Hai Bà Trưng', 'Quận', 1),
(8, 'Quận Hoàng Mai', 'Quận', 1),
(9, 'Quận Thanh Xuân', 'Quận', 1),
(16, 'Huyện Sóc Sơn', 'Huyện', 1),
(17, 'Huyện Đông Anh', 'Huyện', 1),
(18, 'Huyện Gia Lâm', 'Huyện', 1),
(19, 'Quận Nam Từ Liêm', 'Quận', 1),
(20, 'Huyện Thanh Trì', 'Huyện', 1),
(21, 'Quận Bắc Từ Liêm', 'Quận', 1),
(24, 'Thành phố Hà Giang', 'Thành phố', 2),
(26, 'Huyện Đồng Văn', 'Huyện', 2),
(27, 'Huyện Mèo Vạc', 'Huyện', 2),
(28, 'Huyện Yên Minh', 'Huyện', 2),
(29, 'Huyện Quản Bạ', 'Huyện', 2),
(30, 'Huyện Vị Xuyên', 'Huyện', 2),
(31, 'Huyện Bắc Mê', 'Huyện', 2),
(32, 'Huyện Hoàng Su Phì', 'Huyện', 2),
(33, 'Huyện Xín Mần', 'Huyện', 2),
(34, 'Huyện Bắc Quang', 'Huyện', 2),
(35, 'Huyện Quang Bình', 'Huyện', 2),
(40, 'Thành phố Cao Bằng', 'Thành phố', 4),
(42, 'Huyện Bảo Lâm', 'Huyện', 4),
(43, 'Huyện Bảo Lạc', 'Huyện', 4),
(44, 'Huyện Thông Nông', 'Huyện', 4),
(45, 'Huyện Hà Quảng', 'Huyện', 4),
(46, 'Huyện Trà Lĩnh', 'Huyện', 4),
(47, 'Huyện Trùng Khánh', 'Huyện', 4),
(48, 'Huyện Hạ Lang', 'Huyện', 4),
(49, 'Huyện Quảng Uyên', 'Huyện', 4),
(50, 'Huyện Phục Hoà', 'Huyện', 4),
(51, 'Huyện Hoà An', 'Huyện', 4),
(52, 'Huyện Nguyên Bình', 'Huyện', 4),
(53, 'Huyện Thạch An', 'Huyện', 4),
(58, 'Thành Phố Bắc Kạn', 'Thành phố', 6),
(60, 'Huyện Pác Nặm', 'Huyện', 6),
(61, 'Huyện Ba Bể', 'Huyện', 6),
(62, 'Huyện Ngân Sơn', 'Huyện', 6),
(63, 'Huyện Bạch Thông', 'Huyện', 6),
(64, 'Huyện Chợ Đồn', 'Huyện', 6),
(65, 'Huyện Chợ Mới', 'Huyện', 6),
(66, 'Huyện Na Rì', 'Huyện', 6),
(70, 'Thành phố Tuyên Quang', 'Thành phố', 8),
(71, 'Huyện Lâm Bình', 'Huyện', 8),
(72, 'Huyện Nà Hang', 'Huyện', 8),
(73, 'Huyện Chiêm Hóa', 'Huyện', 8),
(74, 'Huyện Hàm Yên', 'Huyện', 8),
(75, 'Huyện Yên Sơn', 'Huyện', 8),
(76, 'Huyện Sơn Dương', 'Huyện', 8),
(80, 'Thành phố Lào Cai', 'Thành phố', 10),
(82, 'Huyện Bát Xát', 'Huyện', 10),
(83, 'Huyện Mường Khương', 'Huyện', 10),
(84, 'Huyện Si Ma Cai', 'Huyện', 10),
(85, 'Huyện Bắc Hà', 'Huyện', 10),
(86, 'Huyện Bảo Thắng', 'Huyện', 10),
(87, 'Huyện Bảo Yên', 'Huyện', 10),
(88, 'Huyện Sa Pa', 'Huyện', 10),
(89, 'Huyện Văn Bàn', 'Huyện', 10),
(94, 'Thành phố Điện Biên Phủ', 'Thành phố', 11),
(95, 'Thị Xã Mường Lay', 'Thị xã', 11),
(96, 'Huyện Mường Nhé', 'Huyện', 11),
(97, 'Huyện Mường Chà', 'Huyện', 11),
(98, 'Huyện Tủa Chùa', 'Huyện', 11),
(99, 'Huyện Tuần Giáo', 'Huyện', 11),
(100, 'Huyện Điện Biên', 'Huyện', 11),
(101, 'Huyện Điện Biên Đông', 'Huyện', 11),
(102, 'Huyện Mường Ảng', 'Huyện', 11),
(103, 'Huyện Nậm Pồ', 'Huyện', 11),
(105, 'Thành phố Lai Châu', 'Thành phố', 12),
(106, 'Huyện Tam Đường', 'Huyện', 12),
(107, 'Huyện Mường Tè', 'Huyện', 12),
(108, 'Huyện Sìn Hồ', 'Huyện', 12),
(109, 'Huyện Phong Thổ', 'Huyện', 12),
(110, 'Huyện Than Uyên', 'Huyện', 12),
(111, 'Huyện Tân Uyên', 'Huyện', 12),
(112, 'Huyện Nậm Nhùn', 'Huyện', 12),
(116, 'Thành phố Sơn La', 'Thành phố', 14),
(118, 'Huyện Quỳnh Nhai', 'Huyện', 14),
(119, 'Huyện Thuận Châu', 'Huyện', 14),
(120, 'Huyện Mường La', 'Huyện', 14),
(121, 'Huyện Bắc Yên', 'Huyện', 14),
(122, 'Huyện Phù Yên', 'Huyện', 14),
(123, 'Huyện Mộc Châu', 'Huyện', 14),
(124, 'Huyện Yên Châu', 'Huyện', 14),
(125, 'Huyện Mai Sơn', 'Huyện', 14),
(126, 'Huyện Sông Mã', 'Huyện', 14),
(127, 'Huyện Sốp Cộp', 'Huyện', 14),
(128, 'Huyện Vân Hồ', 'Huyện', 14),
(132, 'Thành phố Yên Bái', 'Thành phố', 15),
(133, 'Thị xã Nghĩa Lộ', 'Thị xã', 15),
(135, 'Huyện Lục Yên', 'Huyện', 15),
(136, 'Huyện Văn Yên', 'Huyện', 15),
(137, 'Huyện Mù Căng Chải', 'Huyện', 15),
(138, 'Huyện Trấn Yên', 'Huyện', 15),
(139, 'Huyện Trạm Tấu', 'Huyện', 15),
(140, 'Huyện Văn Chấn', 'Huyện', 15),
(141, 'Huyện Yên Bình', 'Huyện', 15),
(148, 'Thành phố Hòa Bình', 'Thành phố', 17),
(150, 'Huyện Đà Bắc', 'Huyện', 17),
(151, 'Huyện Kỳ Sơn', 'Huyện', 17),
(152, 'Huyện Lương Sơn', 'Huyện', 17),
(153, 'Huyện Kim Bôi', 'Huyện', 17),
(154, 'Huyện Cao Phong', 'Huyện', 17),
(155, 'Huyện Tân Lạc', 'Huyện', 17),
(156, 'Huyện Mai Châu', 'Huyện', 17),
(157, 'Huyện Lạc Sơn', 'Huyện', 17),
(158, 'Huyện Yên Thủy', 'Huyện', 17),
(159, 'Huyện Lạc Thủy', 'Huyện', 17),
(164, 'Thành phố Thái Nguyên', 'Thành phố', 19),
(165, 'Thành phố Sông Công', 'Thành phố', 19),
(167, 'Huyện Định Hóa', 'Huyện', 19),
(168, 'Huyện Phú Lương', 'Huyện', 19),
(169, 'Huyện Đồng Hỷ', 'Huyện', 19),
(170, 'Huyện Võ Nhai', 'Huyện', 19),
(171, 'Huyện Đại Từ', 'Huyện', 19),
(172, 'Thị xã Phổ Yên', 'Thị xã', 19),
(173, 'Huyện Phú Bình', 'Huyện', 19),
(178, 'Thành phố Lạng Sơn', 'Thành phố', 20),
(180, 'Huyện Tràng Định', 'Huyện', 20),
(181, 'Huyện Bình Gia', 'Huyện', 20),
(182, 'Huyện Văn Lãng', 'Huyện', 20),
(183, 'Huyện Cao Lộc', 'Huyện', 20),
(184, 'Huyện Văn Quan', 'Huyện', 20),
(185, 'Huyện Bắc Sơn', 'Huyện', 20),
(186, 'Huyện Hữu Lũng', 'Huyện', 20),
(187, 'Huyện Chi Lăng', 'Huyện', 20),
(188, 'Huyện Lộc Bình', 'Huyện', 20),
(189, 'Huyện Đình Lập', 'Huyện', 20),
(193, 'Thành phố Hạ Long', 'Thành phố', 22),
(194, 'Thành phố Móng Cái', 'Thành phố', 22),
(195, 'Thành phố Cẩm Phả', 'Thành phố', 22),
(196, 'Thành phố Uông Bí', 'Thành phố', 22),
(198, 'Huyện Bình Liêu', 'Huyện', 22),
(199, 'Huyện Tiên Yên', 'Huyện', 22),
(200, 'Huyện Đầm Hà', 'Huyện', 22),
(201, 'Huyện Hải Hà', 'Huyện', 22),
(202, 'Huyện Ba Chẽ', 'Huyện', 22),
(203, 'Huyện Vân Đồn', 'Huyện', 22),
(204, 'Huyện Hoành Bồ', 'Huyện', 22),
(205, 'Thị xã Đông Triều', 'Thị xã', 22),
(206, 'Thị xã Quảng Yên', 'Thị xã', 22),
(207, 'Huyện Cô Tô', 'Huyện', 22),
(213, 'Thành phố Bắc Giang', 'Thành phố', 24),
(215, 'Huyện Yên Thế', 'Huyện', 24),
(216, 'Huyện Tân Yên', 'Huyện', 24),
(217, 'Huyện Lạng Giang', 'Huyện', 24),
(218, 'Huyện Lục Nam', 'Huyện', 24),
(219, 'Huyện Lục Ngạn', 'Huyện', 24),
(220, 'Huyện Sơn Động', 'Huyện', 24),
(221, 'Huyện Yên Dũng', 'Huyện', 24),
(222, 'Huyện Việt Yên', 'Huyện', 24),
(223, 'Huyện Hiệp Hòa', 'Huyện', 24),
(227, 'Thành phố Việt Trì', 'Thành phố', 25),
(228, 'Thị xã Phú Thọ', 'Thị xã', 25),
(230, 'Huyện Đoan Hùng', 'Huyện', 25),
(231, 'Huyện Hạ Hoà', 'Huyện', 25),
(232, 'Huyện Thanh Ba', 'Huyện', 25),
(233, 'Huyện Phù Ninh', 'Huyện', 25),
(234, 'Huyện Yên Lập', 'Huyện', 25),
(235, 'Huyện Cẩm Khê', 'Huyện', 25),
(236, 'Huyện Tam Nông', 'Huyện', 25),
(237, 'Huyện Lâm Thao', 'Huyện', 25),
(238, 'Huyện Thanh Sơn', 'Huyện', 25),
(239, 'Huyện Thanh Thuỷ', 'Huyện', 25),
(240, 'Huyện Tân Sơn', 'Huyện', 25),
(243, 'Thành phố Vĩnh Yên', 'Thành phố', 26),
(244, 'Thị xã Phúc Yên', 'Thị xã', 26),
(246, 'Huyện Lập Thạch', 'Huyện', 26),
(247, 'Huyện Tam Dương', 'Huyện', 26),
(248, 'Huyện Tam Đảo', 'Huyện', 26),
(249, 'Huyện Bình Xuyên', 'Huyện', 26),
(250, 'Huyện Mê Linh', 'Huyện', 1),
(251, 'Huyện Yên Lạc', 'Huyện', 26),
(252, 'Huyện Vĩnh Tường', 'Huyện', 26),
(253, 'Huyện Sông Lô', 'Huyện', 26),
(256, 'Thành phố Bắc Ninh', 'Thành phố', 27),
(258, 'Huyện Yên Phong', 'Huyện', 27),
(259, 'Huyện Quế Võ', 'Huyện', 27),
(260, 'Huyện Tiên Du', 'Huyện', 27),
(261, 'Thị xã Từ Sơn', 'Thị xã', 27),
(262, 'Huyện Thuận Thành', 'Huyện', 27),
(263, 'Huyện Gia Bình', 'Huyện', 27),
(264, 'Huyện Lương Tài', 'Huyện', 27),
(268, 'Quận Hà Đông', 'Quận', 1),
(269, 'Thị xã Sơn Tây', 'Thị xã', 1),
(271, 'Huyện Ba Vì', 'Huyện', 1),
(272, 'Huyện Phúc Thọ', 'Huyện', 1),
(273, 'Huyện Đan Phượng', 'Huyện', 1),
(274, 'Huyện Hoài Đức', 'Huyện', 1),
(275, 'Huyện Quốc Oai', 'Huyện', 1),
(276, 'Huyện Thạch Thất', 'Huyện', 1),
(277, 'Huyện Chương Mỹ', 'Huyện', 1),
(278, 'Huyện Thanh Oai', 'Huyện', 1),
(279, 'Huyện Thường Tín', 'Huyện', 1),
(280, 'Huyện Phú Xuyên', 'Huyện', 1),
(281, 'Huyện Ứng Hòa', 'Huyện', 1),
(282, 'Huyện Mỹ Đức', 'Huyện', 1),
(288, 'Thành phố Hải Dương', 'Thành phố', 30),
(290, 'Thị xã Chí Linh', 'Thị xã', 30),
(291, 'Huyện Nam Sách', 'Huyện', 30),
(292, 'Huyện Kinh Môn', 'Huyện', 30),
(293, 'Huyện Kim Thành', 'Huyện', 30),
(294, 'Huyện Thanh Hà', 'Huyện', 30),
(295, 'Huyện Cẩm Giàng', 'Huyện', 30),
(296, 'Huyện Bình Giang', 'Huyện', 30),
(297, 'Huyện Gia Lộc', 'Huyện', 30),
(298, 'Huyện Tứ Kỳ', 'Huyện', 30),
(299, 'Huyện Ninh Giang', 'Huyện', 30),
(300, 'Huyện Thanh Miện', 'Huyện', 30),
(303, 'Quận Hồng Bàng', 'Quận', 31),
(304, 'Quận Ngô Quyền', 'Quận', 31),
(305, 'Quận Lê Chân', 'Quận', 31),
(306, 'Quận Hải An', 'Quận', 31),
(307, 'Quận Kiến An', 'Quận', 31),
(308, 'Quận Đồ Sơn', 'Quận', 31),
(309, 'Quận Dương Kinh', 'Quận', 31),
(311, 'Huyện Thuỷ Nguyên', 'Huyện', 31),
(312, 'Huyện An Dương', 'Huyện', 31),
(313, 'Huyện An Lão', 'Huyện', 31),
(314, 'Huyện Kiến Thuỵ', 'Huyện', 31),
(315, 'Huyện Tiên Lãng', 'Huyện', 31),
(316, 'Huyện Vĩnh Bảo', 'Huyện', 31),
(317, 'Huyện Cát Hải', 'Huyện', 31),
(318, 'Huyện Bạch Long Vĩ', 'Huyện', 31),
(323, 'Thành phố Hưng Yên', 'Thành phố', 33),
(325, 'Huyện Văn Lâm', 'Huyện', 33),
(326, 'Huyện Văn Giang', 'Huyện', 33),
(327, 'Huyện Yên Mỹ', 'Huyện', 33),
(328, 'Huyện Mỹ Hào', 'Huyện', 33),
(329, 'Huyện Ân Thi', 'Huyện', 33),
(330, 'Huyện Khoái Châu', 'Huyện', 33),
(331, 'Huyện Kim Động', 'Huyện', 33),
(332, 'Huyện Tiên Lữ', 'Huyện', 33),
(333, 'Huyện Phù Cừ', 'Huyện', 33),
(336, 'Thành phố Thái Bình', 'Thành phố', 34),
(338, 'Huyện Quỳnh Phụ', 'Huyện', 34),
(339, 'Huyện Hưng Hà', 'Huyện', 34),
(340, 'Huyện Đông Hưng', 'Huyện', 34),
(341, 'Huyện Thái Thụy', 'Huyện', 34),
(342, 'Huyện Tiền Hải', 'Huyện', 34),
(343, 'Huyện Kiến Xương', 'Huyện', 34),
(344, 'Huyện Vũ Thư', 'Huyện', 34),
(347, 'Thành phố Phủ Lý', 'Thành phố', 35),
(349, 'Huyện Duy Tiên', 'Huyện', 35),
(350, 'Huyện Kim Bảng', 'Huyện', 35),
(351, 'Huyện Thanh Liêm', 'Huyện', 35),
(352, 'Huyện Bình Lục', 'Huyện', 35),
(353, 'Huyện Lý Nhân', 'Huyện', 35),
(356, 'Thành phố Nam Định', 'Thành phố', 36),
(358, 'Huyện Mỹ Lộc', 'Huyện', 36),
(359, 'Huyện Vụ Bản', 'Huyện', 36),
(360, 'Huyện Ý Yên', 'Huyện', 36),
(361, 'Huyện Nghĩa Hưng', 'Huyện', 36),
(362, 'Huyện Nam Trực', 'Huyện', 36),
(363, 'Huyện Trực Ninh', 'Huyện', 36),
(364, 'Huyện Xuân Trường', 'Huyện', 36),
(365, 'Huyện Giao Thủy', 'Huyện', 36),
(366, 'Huyện Hải Hậu', 'Huyện', 36),
(369, 'Thành phố Ninh Bình', 'Thành phố', 37),
(370, 'Thành phố Tam Điệp', 'Thành phố', 37),
(372, 'Huyện Nho Quan', 'Huyện', 37),
(373, 'Huyện Gia Viễn', 'Huyện', 37),
(374, 'Huyện Hoa Lư', 'Huyện', 37),
(375, 'Huyện Yên Khánh', 'Huyện', 37),
(376, 'Huyện Kim Sơn', 'Huyện', 37),
(377, 'Huyện Yên Mô', 'Huyện', 37),
(380, 'Thành phố Thanh Hóa', 'Thành phố', 38),
(381, 'Thị xã Bỉm Sơn', 'Thị xã', 38),
(382, 'Thị xã Sầm Sơn', 'Thị xã', 38),
(384, 'Huyện Mường Lát', 'Huyện', 38),
(385, 'Huyện Quan Hóa', 'Huyện', 38),
(386, 'Huyện Bá Thước', 'Huyện', 38),
(387, 'Huyện Quan Sơn', 'Huyện', 38),
(388, 'Huyện Lang Chánh', 'Huyện', 38),
(389, 'Huyện Ngọc Lặc', 'Huyện', 38),
(390, 'Huyện Cẩm Thủy', 'Huyện', 38),
(391, 'Huyện Thạch Thành', 'Huyện', 38),
(392, 'Huyện Hà Trung', 'Huyện', 38),
(393, 'Huyện Vĩnh Lộc', 'Huyện', 38),
(394, 'Huyện Yên Định', 'Huyện', 38),
(395, 'Huyện Thọ Xuân', 'Huyện', 38),
(396, 'Huyện Thường Xuân', 'Huyện', 38),
(397, 'Huyện Triệu Sơn', 'Huyện', 38),
(398, 'Huyện Thiệu Hóa', 'Huyện', 38),
(399, 'Huyện Hoằng Hóa', 'Huyện', 38),
(400, 'Huyện Hậu Lộc', 'Huyện', 38),
(401, 'Huyện Nga Sơn', 'Huyện', 38),
(402, 'Huyện Như Xuân', 'Huyện', 38),
(403, 'Huyện Như Thanh', 'Huyện', 38),
(404, 'Huyện Nông Cống', 'Huyện', 38),
(405, 'Huyện Đông Sơn', 'Huyện', 38),
(406, 'Huyện Quảng Xương', 'Huyện', 38),
(407, 'Huyện Tĩnh Gia', 'Huyện', 38),
(412, 'Thành phố Vinh', 'Thành phố', 40),
(413, 'Thị xã Cửa Lò', 'Thị xã', 40),
(414, 'Thị xã Thái Hoà', 'Thị xã', 40),
(415, 'Huyện Quế Phong', 'Huyện', 40),
(416, 'Huyện Quỳ Châu', 'Huyện', 40),
(417, 'Huyện Kỳ Sơn', 'Huyện', 40),
(418, 'Huyện Tương Dương', 'Huyện', 40),
(419, 'Huyện Nghĩa Đàn', 'Huyện', 40),
(420, 'Huyện Quỳ Hợp', 'Huyện', 40),
(421, 'Huyện Quỳnh Lưu', 'Huyện', 40),
(422, 'Huyện Con Cuông', 'Huyện', 40),
(423, 'Huyện Tân Kỳ', 'Huyện', 40),
(424, 'Huyện Anh Sơn', 'Huyện', 40),
(425, 'Huyện Diễn Châu', 'Huyện', 40),
(426, 'Huyện Yên Thành', 'Huyện', 40),
(427, 'Huyện Đô Lương', 'Huyện', 40),
(428, 'Huyện Thanh Chương', 'Huyện', 40),
(429, 'Huyện Nghi Lộc', 'Huyện', 40),
(430, 'Huyện Nam Đàn', 'Huyện', 40),
(431, 'Huyện Hưng Nguyên', 'Huyện', 40),
(432, 'Thị xã Hoàng Mai', 'Thị xã', 40),
(436, 'Thành phố Hà Tĩnh', 'Thành phố', 42),
(437, 'Thị xã Hồng Lĩnh', 'Thị xã', 42),
(439, 'Huyện Hương Sơn', 'Huyện', 42),
(440, 'Huyện Đức Thọ', 'Huyện', 42),
(441, 'Huyện Vũ Quang', 'Huyện', 42),
(442, 'Huyện Nghi Xuân', 'Huyện', 42),
(443, 'Huyện Can Lộc', 'Huyện', 42),
(444, 'Huyện Hương Khê', 'Huyện', 42),
(445, 'Huyện Thạch Hà', 'Huyện', 42),
(446, 'Huyện Cẩm Xuyên', 'Huyện', 42),
(447, 'Huyện Kỳ Anh', 'Huyện', 42),
(448, 'Huyện Lộc Hà', 'Huyện', 42),
(449, 'Thị xã Kỳ Anh', 'Thị xã', 42),
(450, 'Thành Phố Đồng Hới', 'Thành phố', 44),
(452, 'Huyện Minh Hóa', 'Huyện', 44),
(453, 'Huyện Tuyên Hóa', 'Huyện', 44),
(454, 'Huyện Quảng Trạch', 'Thị xã', 44),
(455, 'Huyện Bố Trạch', 'Huyện', 44),
(456, 'Huyện Quảng Ninh', 'Huyện', 44),
(457, 'Huyện Lệ Thủy', 'Huyện', 44),
(458, 'Thị xã Ba Đồn', 'Huyện', 44),
(461, 'Thành phố Đông Hà', 'Thành phố', 45),
(462, 'Thị xã Quảng Trị', 'Thị xã', 45),
(464, 'Huyện Vĩnh Linh', 'Huyện', 45),
(465, 'Huyện Hướng Hóa', 'Huyện', 45),
(466, 'Huyện Gio Linh', 'Huyện', 45),
(467, 'Huyện Đa Krông', 'Huyện', 45),
(468, 'Huyện Cam Lộ', 'Huyện', 45),
(469, 'Huyện Triệu Phong', 'Huyện', 45),
(470, 'Huyện Hải Lăng', 'Huyện', 45),
(471, 'Huyện Cồn Cỏ', 'Huyện', 45),
(474, 'Thành phố Huế', 'Thành phố', 46),
(476, 'Huyện Phong Điền', 'Huyện', 46),
(477, 'Huyện Quảng Điền', 'Huyện', 46),
(478, 'Huyện Phú Vang', 'Huyện', 46),
(479, 'Thị xã Hương Thủy', 'Thị xã', 46),
(480, 'Thị xã Hương Trà', 'Thị xã', 46),
(481, 'Huyện A Lưới', 'Huyện', 46),
(482, 'Huyện Phú Lộc', 'Huyện', 46),
(483, 'Huyện Nam Đông', 'Huyện', 46),
(490, 'Quận Liên Chiểu', 'Quận', 48),
(491, 'Quận Thanh Khê', 'Quận', 48),
(492, 'Quận Hải Châu', 'Quận', 48),
(493, 'Quận Sơn Trà', 'Quận', 48),
(494, 'Quận Ngũ Hành Sơn', 'Quận', 48),
(495, 'Quận Cẩm Lệ', 'Quận', 48),
(497, 'Huyện Hòa Vang', 'Huyện', 48),
(498, 'Huyện Hoàng Sa', 'Huyện', 48),
(502, 'Thành phố Tam Kỳ', 'Thành phố', 49),
(503, 'Thành phố Hội An', 'Thành phố', 49),
(504, 'Huyện Tây Giang', 'Huyện', 49),
(505, 'Huyện Đông Giang', 'Huyện', 49),
(506, 'Huyện Đại Lộc', 'Huyện', 49),
(507, 'Thị xã Điện Bàn', 'Thị xã', 49),
(508, 'Huyện Duy Xuyên', 'Huyện', 49),
(509, 'Huyện Quế Sơn', 'Huyện', 49),
(510, 'Huyện Nam Giang', 'Huyện', 49),
(511, 'Huyện Phước Sơn', 'Huyện', 49),
(512, 'Huyện Hiệp Đức', 'Huyện', 49),
(513, 'Huyện Thăng Bình', 'Huyện', 49),
(514, 'Huyện Tiên Phước', 'Huyện', 49),
(515, 'Huyện Bắc Trà My', 'Huyện', 49),
(516, 'Huyện Nam Trà My', 'Huyện', 49),
(517, 'Huyện Núi Thành', 'Huyện', 49),
(518, 'Huyện Phú Ninh', 'Huyện', 49),
(519, 'Huyện Nông Sơn', 'Huyện', 49),
(522, 'Thành phố Quảng Ngãi', 'Thành phố', 51),
(524, 'Huyện Bình Sơn', 'Huyện', 51),
(525, 'Huyện Trà Bồng', 'Huyện', 51),
(526, 'Huyện Tây Trà', 'Huyện', 51),
(527, 'Huyện Sơn Tịnh', 'Huyện', 51),
(528, 'Huyện Tư Nghĩa', 'Huyện', 51),
(529, 'Huyện Sơn Hà', 'Huyện', 51),
(530, 'Huyện Sơn Tây', 'Huyện', 51),
(531, 'Huyện Minh Long', 'Huyện', 51),
(532, 'Huyện Nghĩa Hành', 'Huyện', 51),
(533, 'Huyện Mộ Đức', 'Huyện', 51),
(534, 'Huyện Đức Phổ', 'Huyện', 51),
(535, 'Huyện Ba Tơ', 'Huyện', 51),
(536, 'Huyện Lý Sơn', 'Huyện', 51),
(540, 'Thành phố Qui Nhơn', 'Thành phố', 52),
(542, 'Huyện An Lão', 'Huyện', 52),
(543, 'Huyện Hoài Nhơn', 'Huyện', 52),
(544, 'Huyện Hoài Ân', 'Huyện', 52),
(545, 'Huyện Phù Mỹ', 'Huyện', 52),
(546, 'Huyện Vĩnh Thạnh', 'Huyện', 52),
(547, 'Huyện Tây Sơn', 'Huyện', 52),
(548, 'Huyện Phù Cát', 'Huyện', 52),
(549, 'Thị xã An Nhơn', 'Thị xã', 52),
(550, 'Huyện Tuy Phước', 'Huyện', 52),
(551, 'Huyện Vân Canh', 'Huyện', 52),
(555, 'Thành phố Tuy Hoà', 'Thành phố', 54),
(557, 'Thị xã Sông Cầu', 'Thị xã', 54),
(558, 'Huyện Đồng Xuân', 'Huyện', 54),
(559, 'Huyện Tuy An', 'Huyện', 54),
(560, 'Huyện Sơn Hòa', 'Huyện', 54),
(561, 'Huyện Sông Hinh', 'Huyện', 54),
(562, 'Huyện Tây Hoà', 'Huyện', 54),
(563, 'Huyện Phú Hoà', 'Huyện', 54),
(564, 'Huyện Đông Hòa', 'Huyện', 54),
(568, 'Thành phố Nha Trang', 'Thành phố', 56),
(569, 'Thành phố Cam Ranh', 'Thành phố', 56),
(570, 'Huyện Cam Lâm', 'Huyện', 56),
(571, 'Huyện Vạn Ninh', 'Huyện', 56),
(572, 'Thị xã Ninh Hòa', 'Thị xã', 56),
(573, 'Huyện Khánh Vĩnh', 'Huyện', 56),
(574, 'Huyện Diên Khánh', 'Huyện', 56),
(575, 'Huyện Khánh Sơn', 'Huyện', 56),
(576, 'Huyện Trường Sa', 'Huyện', 56),
(582, 'Thành phố Phan Rang-Tháp Chàm', 'Thành phố', 58),
(584, 'Huyện Bác Ái', 'Huyện', 58),
(585, 'Huyện Ninh Sơn', 'Huyện', 58),
(586, 'Huyện Ninh Hải', 'Huyện', 58),
(587, 'Huyện Ninh Phước', 'Huyện', 58),
(588, 'Huyện Thuận Bắc', 'Huyện', 58),
(589, 'Huyện Thuận Nam', 'Huyện', 58),
(593, 'Thành phố Phan Thiết', 'Thành phố', 60),
(594, 'Thị xã La Gi', 'Thị xã', 60),
(595, 'Huyện Tuy Phong', 'Huyện', 60),
(596, 'Huyện Bắc Bình', 'Huyện', 60),
(597, 'Huyện Hàm Thuận Bắc', 'Huyện', 60),
(598, 'Huyện Hàm Thuận Nam', 'Huyện', 60),
(599, 'Huyện Tánh Linh', 'Huyện', 60),
(600, 'Huyện Đức Linh', 'Huyện', 60),
(601, 'Huyện Hàm Tân', 'Huyện', 60),
(602, 'Huyện Phú Quí', 'Huyện', 60),
(608, 'Thành phố Kon Tum', 'Thành phố', 62),
(610, 'Huyện Đắk Glei', 'Huyện', 62),
(611, 'Huyện Ngọc Hồi', 'Huyện', 62),
(612, 'Huyện Đắk Tô', 'Huyện', 62),
(613, 'Huyện Kon Plông', 'Huyện', 62),
(614, 'Huyện Kon Rẫy', 'Huyện', 62),
(615, 'Huyện Đắk Hà', 'Huyện', 62),
(616, 'Huyện Sa Thầy', 'Huyện', 62),
(617, 'Huyện Tu Mơ Rông', 'Huyện', 62),
(618, 'Huyện Ia H\' Drai', 'Huyện', 62),
(622, 'Thành phố Pleiku', 'Thành phố', 64),
(623, 'Thị xã An Khê', 'Thị xã', 64),
(624, 'Thị xã Ayun Pa', 'Thị xã', 64),
(625, 'Huyện KBang', 'Huyện', 64),
(626, 'Huyện Đăk Đoa', 'Huyện', 64),
(627, 'Huyện Chư Păh', 'Huyện', 64),
(628, 'Huyện Ia Grai', 'Huyện', 64),
(629, 'Huyện Mang Yang', 'Huyện', 64),
(630, 'Huyện Kông Chro', 'Huyện', 64),
(631, 'Huyện Đức Cơ', 'Huyện', 64),
(632, 'Huyện Chư Prông', 'Huyện', 64),
(633, 'Huyện Chư Sê', 'Huyện', 64),
(634, 'Huyện Đăk Pơ', 'Huyện', 64),
(635, 'Huyện Ia Pa', 'Huyện', 64),
(637, 'Huyện Krông Pa', 'Huyện', 64),
(638, 'Huyện Phú Thiện', 'Huyện', 64),
(639, 'Huyện Chư Pưh', 'Huyện', 64),
(643, 'Thành phố Buôn Ma Thuột', 'Thành phố', 66),
(644, 'Thị Xã Buôn Hồ', 'Thị xã', 66),
(645, 'Huyện Ea H\'leo', 'Huyện', 66),
(646, 'Huyện Ea Súp', 'Huyện', 66),
(647, 'Huyện Buôn Đôn', 'Huyện', 66),
(648, 'Huyện Cư M\'gar', 'Huyện', 66),
(649, 'Huyện Krông Búk', 'Huyện', 66),
(650, 'Huyện Krông Năng', 'Huyện', 66),
(651, 'Huyện Ea Kar', 'Huyện', 66),
(652, 'Huyện M\'Đrắk', 'Huyện', 66),
(653, 'Huyện Krông Bông', 'Huyện', 66),
(654, 'Huyện Krông Pắc', 'Huyện', 66),
(655, 'Huyện Krông A Na', 'Huyện', 66),
(656, 'Huyện Lắk', 'Huyện', 66),
(657, 'Huyện Cư Kuin', 'Huyện', 66),
(660, 'Thị xã Gia Nghĩa', 'Thị xã', 67),
(661, 'Huyện Đăk Glong', 'Huyện', 67),
(662, 'Huyện Cư Jút', 'Huyện', 67),
(663, 'Huyện Đắk Mil', 'Huyện', 67),
(664, 'Huyện Krông Nô', 'Huyện', 67),
(665, 'Huyện Đắk Song', 'Huyện', 67),
(666, 'Huyện Đắk R\'Lấp', 'Huyện', 67),
(667, 'Huyện Tuy Đức', 'Huyện', 67),
(672, 'Thành phố Đà Lạt', 'Thành phố', 68),
(673, 'Thành phố Bảo Lộc', 'Thành phố', 68),
(674, 'Huyện Đam Rông', 'Huyện', 68),
(675, 'Huyện Lạc Dương', 'Huyện', 68),
(676, 'Huyện Lâm Hà', 'Huyện', 68),
(677, 'Huyện Đơn Dương', 'Huyện', 68),
(678, 'Huyện Đức Trọng', 'Huyện', 68),
(679, 'Huyện Di Linh', 'Huyện', 68),
(680, 'Huyện Bảo Lâm', 'Huyện', 68),
(681, 'Huyện Đạ Huoai', 'Huyện', 68),
(682, 'Huyện Đạ Tẻh', 'Huyện', 68),
(683, 'Huyện Cát Tiên', 'Huyện', 68),
(688, 'Thị xã Phước Long', 'Thị xã', 70),
(689, 'Thị xã Đồng Xoài', 'Thị xã', 70),
(690, 'Thị xã Bình Long', 'Thị xã', 70),
(691, 'Huyện Bù Gia Mập', 'Huyện', 70),
(692, 'Huyện Lộc Ninh', 'Huyện', 70),
(693, 'Huyện Bù Đốp', 'Huyện', 70),
(694, 'Huyện Hớn Quản', 'Huyện', 70),
(695, 'Huyện Đồng Phú', 'Huyện', 70),
(696, 'Huyện Bù Đăng', 'Huyện', 70),
(697, 'Huyện Chơn Thành', 'Huyện', 70),
(698, 'Huyện Phú Riềng', 'Huyện', 70),
(703, 'Thành phố Tây Ninh', 'Thành phố', 72),
(705, 'Huyện Tân Biên', 'Huyện', 72),
(706, 'Huyện Tân Châu', 'Huyện', 72),
(707, 'Huyện Dương Minh Châu', 'Huyện', 72),
(708, 'Huyện Châu Thành', 'Huyện', 72),
(709, 'Huyện Hòa Thành', 'Huyện', 72),
(710, 'Huyện Gò Dầu', 'Huyện', 72),
(711, 'Huyện Bến Cầu', 'Huyện', 72),
(712, 'Huyện Trảng Bàng', 'Huyện', 72),
(718, 'Thành phố Thủ Dầu Một', 'Thành phố', 74),
(719, 'Huyện Bàu Bàng', 'Huyện', 74),
(720, 'Huyện Dầu Tiếng', 'Huyện', 74),
(721, 'Thị xã Bến Cát', 'Thị xã', 74),
(722, 'Huyện Phú Giáo', 'Huyện', 74),
(723, 'Thị xã Tân Uyên', 'Thị xã', 74),
(724, 'Thị xã Dĩ An', 'Thị xã', 74),
(725, 'Thị xã Thuận An', 'Thị xã', 74),
(726, 'Huyện Bắc Tân Uyên', 'Huyện', 74),
(731, 'Thành phố Biên Hòa', 'Thành phố', 75),
(732, 'Thị xã Long Khánh', 'Thị xã', 75),
(734, 'Huyện Tân Phú', 'Huyện', 75),
(735, 'Huyện Vĩnh Cửu', 'Huyện', 75),
(736, 'Huyện Định Quán', 'Huyện', 75),
(737, 'Huyện Trảng Bom', 'Huyện', 75),
(738, 'Huyện Thống Nhất', 'Huyện', 75),
(739, 'Huyện Cẩm Mỹ', 'Huyện', 75),
(740, 'Huyện Long Thành', 'Huyện', 75),
(741, 'Huyện Xuân Lộc', 'Huyện', 75),
(742, 'Huyện Nhơn Trạch', 'Huyện', 75),
(747, 'Thành phố Vũng Tàu', 'Thành phố', 77),
(748, 'Thành phố Bà Rịa', 'Thành phố', 77),
(750, 'Huyện Châu Đức', 'Huyện', 77),
(751, 'Huyện Xuyên Mộc', 'Huyện', 77),
(752, 'Huyện Long Điền', 'Huyện', 77),
(753, 'Huyện Đất Đỏ', 'Huyện', 77),
(754, 'Huyện Tân Thành', 'Huyện', 77),
(755, 'Huyện Côn Đảo', 'Huyện', 77),
(760, 'Quận 1', 'Quận', 79),
(761, 'Quận 12', 'Quận', 79),
(762, 'Quận Thủ Đức', 'Quận', 79),
(763, 'Quận 9', 'Quận', 79),
(764, 'Quận Gò Vấp', 'Quận', 79),
(765, 'Quận Bình Thạnh', 'Quận', 79),
(766, 'Quận Tân Bình', 'Quận', 79),
(767, 'Quận Tân Phú', 'Quận', 79),
(768, 'Quận Phú Nhuận', 'Quận', 79),
(769, 'Quận 2', 'Quận', 79),
(770, 'Quận 3', 'Quận', 79),
(771, 'Quận 10', 'Quận', 79),
(772, 'Quận 11', 'Quận', 79),
(773, 'Quận 4', 'Quận', 79),
(774, 'Quận 5', 'Quận', 79),
(775, 'Quận 6', 'Quận', 79),
(776, 'Quận 8', 'Quận', 79),
(777, 'Quận Bình Tân', 'Quận', 79),
(778, 'Quận 7', 'Quận', 79),
(783, 'Huyện Củ Chi', 'Huyện', 79),
(784, 'Huyện Hóc Môn', 'Huyện', 79),
(785, 'Huyện Bình Chánh', 'Huyện', 79),
(786, 'Huyện Nhà Bè', 'Huyện', 79),
(787, 'Huyện Cần Giờ', 'Huyện', 79),
(794, 'Thành phố Tân An', 'Thành phố', 80),
(795, 'Thị xã Kiến Tường', 'Thị xã', 80),
(796, 'Huyện Tân Hưng', 'Huyện', 80),
(797, 'Huyện Vĩnh Hưng', 'Huyện', 80),
(798, 'Huyện Mộc Hóa', 'Huyện', 80),
(799, 'Huyện Tân Thạnh', 'Huyện', 80),
(800, 'Huyện Thạnh Hóa', 'Huyện', 80),
(801, 'Huyện Đức Huệ', 'Huyện', 80),
(802, 'Huyện Đức Hòa', 'Huyện', 80),
(803, 'Huyện Bến Lức', 'Huyện', 80),
(804, 'Huyện Thủ Thừa', 'Huyện', 80),
(805, 'Huyện Tân Trụ', 'Huyện', 80),
(806, 'Huyện Cần Đước', 'Huyện', 80),
(807, 'Huyện Cần Giuộc', 'Huyện', 80),
(808, 'Huyện Châu Thành', 'Huyện', 80),
(815, 'Thành phố Mỹ Tho', 'Thành phố', 82),
(816, 'Thị xã Gò Công', 'Thị xã', 82),
(817, 'Thị xã Cai Lậy', 'Huyện', 82),
(818, 'Huyện Tân Phước', 'Huyện', 82),
(819, 'Huyện Cái Bè', 'Huyện', 82),
(820, 'Huyện Cai Lậy', 'Thị xã', 82),
(821, 'Huyện Châu Thành', 'Huyện', 82),
(822, 'Huyện Chợ Gạo', 'Huyện', 82),
(823, 'Huyện Gò Công Tây', 'Huyện', 82),
(824, 'Huyện Gò Công Đông', 'Huyện', 82),
(825, 'Huyện Tân Phú Đông', 'Huyện', 82),
(829, 'Thành phố Bến Tre', 'Thành phố', 83),
(831, 'Huyện Châu Thành', 'Huyện', 83),
(832, 'Huyện Chợ Lách', 'Huyện', 83),
(833, 'Huyện Mỏ Cày Nam', 'Huyện', 83),
(834, 'Huyện Giồng Trôm', 'Huyện', 83),
(835, 'Huyện Bình Đại', 'Huyện', 83),
(836, 'Huyện Ba Tri', 'Huyện', 83),
(837, 'Huyện Thạnh Phú', 'Huyện', 83),
(838, 'Huyện Mỏ Cày Bắc', 'Huyện', 83),
(842, 'Thành phố Trà Vinh', 'Thành phố', 84),
(844, 'Huyện Càng Long', 'Huyện', 84),
(845, 'Huyện Cầu Kè', 'Huyện', 84),
(846, 'Huyện Tiểu Cần', 'Huyện', 84),
(847, 'Huyện Châu Thành', 'Huyện', 84),
(848, 'Huyện Cầu Ngang', 'Huyện', 84),
(849, 'Huyện Trà Cú', 'Huyện', 84),
(850, 'Huyện Duyên Hải', 'Huyện', 84),
(851, 'Thị xã Duyên Hải', 'Thị xã', 84),
(855, 'Thành phố Vĩnh Long', 'Thành phố', 86),
(857, 'Huyện Long Hồ', 'Huyện', 86),
(858, 'Huyện Mang Thít', 'Huyện', 86),
(859, 'Huyện  Vũng Liêm', 'Huyện', 86),
(860, 'Huyện Tam Bình', 'Huyện', 86),
(861, 'Thị xã Bình Minh', 'Thị xã', 86),
(862, 'Huyện Trà Ôn', 'Huyện', 86),
(863, 'Huyện Bình Tân', 'Huyện', 86),
(866, 'Thành phố Cao Lãnh', 'Thành phố', 87),
(867, 'Thành phố Sa Đéc', 'Thành phố', 87),
(868, 'Thị xã Hồng Ngự', 'Thị xã', 87),
(869, 'Huyện Tân Hồng', 'Huyện', 87),
(870, 'Huyện Hồng Ngự', 'Huyện', 87),
(871, 'Huyện Tam Nông', 'Huyện', 87),
(872, 'Huyện Tháp Mười', 'Huyện', 87),
(873, 'Huyện Cao Lãnh', 'Huyện', 87),
(874, 'Huyện Thanh Bình', 'Huyện', 87),
(875, 'Huyện Lấp Vò', 'Huyện', 87),
(876, 'Huyện Lai Vung', 'Huyện', 87),
(877, 'Huyện Châu Thành', 'Huyện', 87),
(883, 'Thành phố Long Xuyên', 'Thành phố', 89),
(884, 'Thành phố Châu Đốc', 'Thành phố', 89),
(886, 'Huyện An Phú', 'Huyện', 89),
(887, 'Thị xã Tân Châu', 'Thị xã', 89),
(888, 'Huyện Phú Tân', 'Huyện', 89),
(889, 'Huyện Châu Phú', 'Huyện', 89),
(890, 'Huyện Tịnh Biên', 'Huyện', 89),
(891, 'Huyện Tri Tôn', 'Huyện', 89),
(892, 'Huyện Châu Thành', 'Huyện', 89),
(893, 'Huyện Chợ Mới', 'Huyện', 89),
(894, 'Huyện Thoại Sơn', 'Huyện', 89),
(899, 'Thành phố Rạch Giá', 'Thành phố', 91),
(900, 'Thị xã Hà Tiên', 'Thị xã', 91),
(902, 'Huyện Kiên Lương', 'Huyện', 91),
(903, 'Huyện Hòn Đất', 'Huyện', 91),
(904, 'Huyện Tân Hiệp', 'Huyện', 91),
(905, 'Huyện Châu Thành', 'Huyện', 91),
(906, 'Huyện Giồng Riềng', 'Huyện', 91),
(907, 'Huyện Gò Quao', 'Huyện', 91),
(908, 'Huyện An Biên', 'Huyện', 91),
(909, 'Huyện An Minh', 'Huyện', 91),
(910, 'Huyện Vĩnh Thuận', 'Huyện', 91),
(911, 'Huyện Phú Quốc', 'Huyện', 91),
(912, 'Huyện Kiên Hải', 'Huyện', 91),
(913, 'Huyện U Minh Thượng', 'Huyện', 91),
(914, 'Huyện Giang Thành', 'Huyện', 91),
(916, 'Quận Ninh Kiều', 'Quận', 92),
(917, 'Quận Ô Môn', 'Quận', 92),
(918, 'Quận Bình Thuỷ', 'Quận', 92),
(919, 'Quận Cái Răng', 'Quận', 92),
(923, 'Quận Thốt Nốt', 'Quận', 92),
(924, 'Huyện Vĩnh Thạnh', 'Huyện', 92),
(925, 'Huyện Cờ Đỏ', 'Huyện', 92),
(926, 'Huyện Phong Điền', 'Huyện', 92),
(927, 'Huyện Thới Lai', 'Huyện', 92),
(930, 'Thành phố Vị Thanh', 'Thành phố', 93),
(931, 'Thị xã Ngã Bảy', 'Thị xã', 93),
(932, 'Huyện Châu Thành A', 'Huyện', 93),
(933, 'Huyện Châu Thành', 'Huyện', 93),
(934, 'Huyện Phụng Hiệp', 'Huyện', 93),
(935, 'Huyện Vị Thuỷ', 'Huyện', 93),
(936, 'Huyện Long Mỹ', 'Huyện', 93),
(937, 'Thị xã Long Mỹ', 'Thị xã', 93),
(941, 'Thành phố Sóc Trăng', 'Thành phố', 94),
(942, 'Huyện Châu Thành', 'Huyện', 94),
(943, 'Huyện Kế Sách', 'Huyện', 94),
(944, 'Huyện Mỹ Tú', 'Huyện', 94),
(945, 'Huyện Cù Lao Dung', 'Huyện', 94),
(946, 'Huyện Long Phú', 'Huyện', 94),
(947, 'Huyện Mỹ Xuyên', 'Huyện', 94),
(948, 'Thị xã Ngã Năm', 'Thị xã', 94),
(949, 'Huyện Thạnh Trị', 'Huyện', 94),
(950, 'Thị xã Vĩnh Châu', 'Thị xã', 94),
(951, 'Huyện Trần Đề', 'Huyện', 94),
(954, 'Thành phố Bạc Liêu', 'Thành phố', 95),
(956, 'Huyện Hồng Dân', 'Huyện', 95),
(957, 'Huyện Phước Long', 'Huyện', 95),
(958, 'Huyện Vĩnh Lợi', 'Huyện', 95),
(959, 'Thị xã Giá Rai', 'Thị xã', 95),
(960, 'Huyện Đông Hải', 'Huyện', 95),
(961, 'Huyện Hoà Bình', 'Huyện', 95),
(964, 'Thành phố Cà Mau', 'Thành phố', 96),
(966, 'Huyện U Minh', 'Huyện', 96),
(967, 'Huyện Thới Bình', 'Huyện', 96),
(968, 'Huyện Trần Văn Thời', 'Huyện', 96),
(969, 'Huyện Cái Nước', 'Huyện', 96),
(970, 'Huyện Đầm Dơi', 'Huyện', 96),
(971, 'Huyện Năm Căn', 'Huyện', 96),
(972, 'Huyện Phú Tân', 'Huyện', 96),
(973, 'Huyện Ngọc Hiển', 'Huyện', 96);

-- --------------------------------------------------------

--
-- Table structure for table `evalues`
--

CREATE TABLE `evalues` (
  `idEvalue` int(11) NOT NULL,
  `idCustomer` int(11) NOT NULL,
  `idProduct` int(11) NOT NULL,
  `title` text NOT NULL,
  `content` text NOT NULL,
  `stars` float NOT NULL,
  `createAt` timestamp NOT NULL DEFAULT current_timestamp() ON UPDATE current_timestamp(),
  `updateAt` timestamp NOT NULL DEFAULT current_timestamp()
) ENGINE=InnoDB DEFAULT CHARSET=utf8mb4;

--
-- Dumping data for table `evalues`
--

INSERT INTO `evalues` (`idEvalue`, `idCustomer`, `idProduct`, `title`, `content`, `stars`, `createAt`, `updateAt`) VALUES
(401, 9, 232, '', 'Sản phẩm đẹp, thân thiên dễ dùng', 1, '2022-11-23 08:46:18', '2022-11-23 08:46:18'),
(402, 7, 216, '', 'Giao hang nhanh, gói hàng cẩn thẩn, đúng với mô tả', 4.5, '2022-11-23 08:46:18', '2022-11-23 08:46:18'),
(403, 15, 228, '', 'Giao hàng cẩn thận, sản phẩm ngon', 5, '2022-11-23 08:46:18', '2022-11-23 08:46:18'),
(404, 7, 199, '', 'Giao hang nhanh, gói hàng cẩn thẩn, đúng với mô tả', 3.5, '2022-11-23 08:46:18', '2022-11-23 08:46:18'),
(405, 7, 246, '', 'Dịch vụ tốt, phục vụ khách hàng tốt', 4.5, '2022-11-23 08:46:18', '2022-11-23 08:46:18'),
(406, 9, 206, '', 'Khá chất lượng với tầm giá, sản phẩm đẹp lắm', 2, '2022-11-23 08:46:18', '2022-11-23 08:46:18'),
(407, 18, 213, '', 'Tính năng sản phẩm quá thích hợp với tôi', 2.5, '2022-11-23 08:46:18', '2022-11-23 08:46:18'),
(408, 15, 227, '', 'Sản phẩm tốt quá', 1.5, '2022-11-23 08:46:18', '2022-11-23 08:46:18'),
(409, 14, 189, '', 'Khá chất lượng với tầm giá, sản phẩm đẹp lắm', 1, '2022-11-23 08:46:18', '2022-11-23 08:46:18'),
(410, 15, 204, '', 'Sản phẩm tốt quá', 2, '2022-11-23 08:46:18', '2022-11-23 08:46:18'),
(411, 18, 219, '', 'Sản phẩm tốt quá', 1.5, '2022-11-23 08:46:18', '2022-11-23 08:46:18'),
(412, 1, 232, '', 'Sản phẩm tốt quá', 3, '2022-11-23 08:46:18', '2022-11-23 08:46:18'),
(413, 2, 214, '', 'Dịch vụ tốt, phục vụ khách hàng tốt', 1, '2022-11-23 08:46:18', '2022-11-23 08:46:18'),
(414, 13, 239, '', 'vote 5 sao cho sản phẩm', 5, '2022-11-23 08:46:18', '2022-11-23 08:46:18'),
(415, 14, 187, '', 'Sản phẩm hợp với túi tiền', 4.5, '2022-11-23 08:46:18', '2022-11-23 08:46:18'),
(416, 9, 221, '', 'Sản phẩm như mong đợi, đúng mô tả', 3, '2022-11-23 08:46:18', '2022-11-23 08:46:18'),
(417, 13, 201, '', 'Chụp ảnh đẹp, chơi game mượt', 5, '2022-11-23 08:46:18', '2022-11-23 08:46:18'),
(418, 2, 230, '', 'Sản phẩm đẹp, thân thiên dễ dùng', 3, '2022-11-23 08:46:18', '2022-11-23 08:46:18'),
(419, 1, 234, '', 'Sản phẩm đẹp, thân thiên dễ dùng', 5, '2022-11-23 08:46:18', '2022-11-23 08:46:18'),
(420, 19, 234, '', 'Khá chất lượng với tầm giá, sản phẩm đẹp lắm', 5, '2022-11-23 08:46:18', '2022-11-23 08:46:18'),
(421, 18, 195, '', 'vote 5 sao cho sản phẩm', 4.5, '2022-11-23 08:46:18', '2022-11-23 08:46:18'),
(422, 1, 208, '', 'Sản phẩm như mong đợi, đúng mô tả', 2.5, '2022-11-23 08:46:18', '2022-11-23 08:46:18'),
(423, 14, 206, '', 'Sản phẩm đẹp, thân thiên dễ dùng', 2, '2022-11-23 08:46:18', '2022-11-23 08:46:18'),
(424, 4, 209, '', 'Sản phẩm đẹp, thân thiên dễ dùng', 2.5, '2022-11-23 08:46:18', '2022-11-23 08:46:18'),
(425, 9, 214, '', 'Mọi người nên mua sản phẩm này', 3.5, '2022-11-23 08:46:18', '2022-11-23 08:46:18'),
(426, 2, 196, '', 'Chất lượng sản phẩm như trong hình', 3, '2022-11-23 08:46:18', '2022-11-23 08:46:18'),
(427, 9, 230, '', 'Chụp ảnh đẹp, chơi game mượt', 2.5, '2022-11-23 08:46:18', '2022-11-23 08:46:18'),
(428, 16, 191, '', 'Mọi người nên mua sản phẩm này', 5, '2022-11-23 08:46:18', '2022-11-23 08:46:18'),
(429, 1, 234, '', 'Sản phẩm đẹp, thân thiên dễ dùng', 2.5, '2022-11-23 08:46:18', '2022-11-23 08:46:18'),
(430, 16, 230, '', 'Giao hàng cẩn thận, sản phẩm ngon', 4, '2022-11-23 08:46:18', '2022-11-23 08:46:18'),
(431, 19, 231, '', 'Dịch vụ tốt, phục vụ khách hàng tốt', 3, '2022-11-23 08:46:18', '2022-11-23 08:46:18'),
(432, 9, 222, '', 'Sản phẩm tốt quá', 2, '2022-11-23 08:46:18', '2022-11-23 08:46:18'),
(433, 10, 192, '', 'Dịch vụ tốt, phục vụ khách hàng tốt', 5, '2022-11-23 08:46:18', '2022-11-23 08:46:18'),
(434, 10, 213, '', 'Sản phẩm hợp với túi tiền', 4.5, '2022-11-23 08:46:18', '2022-11-23 08:46:18'),
(435, 15, 232, '', 'Chụp ảnh đẹp, chơi game mượt', 3.5, '2022-11-23 08:46:18', '2022-11-23 08:46:18'),
(436, 9, 248, '', 'Dịch vụ tốt, phục vụ khách hàng tốt', 4, '2022-11-23 08:46:18', '2022-11-23 08:46:18'),
(437, 9, 208, '', 'Giao hàng cẩn thận, sản phẩm ngon', 4, '2022-11-23 08:46:18', '2022-11-23 08:46:18'),
(438, 15, 183, '', 'Sản phẩm như mong đợi, đúng mô tả', 4, '2022-11-23 08:46:18', '2022-11-23 08:46:18'),
(439, 10, 242, '', 'Khá chất lượng với tầm giá, sản phẩm đẹp lắm', 1, '2022-11-23 08:46:18', '2022-11-23 08:46:18'),
(440, 19, 200, '', 'Giao hang nhanh, gói hàng cẩn thẩn, đúng với mô tả', 2, '2022-11-23 08:46:18', '2022-11-23 08:46:18'),
(441, 2, 239, '', 'Chụp ảnh đẹp, chơi game mượt', 5, '2022-11-23 08:46:18', '2022-11-23 08:46:18'),
(442, 15, 212, '', 'Giao hàng cẩn thận, sản phẩm ngon', 4.5, '2022-11-23 08:46:18', '2022-11-23 08:46:18'),
(443, 13, 230, '', 'Sản phẩm tốt quá', 3.5, '2022-11-23 08:46:18', '2022-11-23 08:46:18'),
(444, 10, 240, '', 'Sản phẩm tốt quá', 4.5, '2022-11-23 08:46:18', '2022-11-23 08:46:18'),
(445, 14, 246, '', 'Chất lượng sản phẩm như trong hình', 1, '2022-11-23 08:46:18', '2022-11-23 08:46:18'),
(446, 4, 246, '', 'Giao hang nhanh, gói hàng cẩn thẩn, đúng với mô tả', 1.5, '2022-11-23 08:46:18', '2022-11-23 08:46:18'),
(447, 4, 208, '', 'vote 5 sao cho sản phẩm', 3.5, '2022-11-23 08:46:18', '2022-11-23 08:46:18'),
(448, 15, 209, '', 'Sản phẩm tốt quá', 1, '2022-11-23 08:46:18', '2022-11-23 08:46:18'),
(449, 1, 247, '', 'Giao hàng cẩn thận, sản phẩm ngon', 3, '2022-11-23 08:46:18', '2022-11-23 08:46:18'),
(450, 1, 237, '', 'vote 5 sao cho sản phẩm', 2, '2022-11-23 08:46:18', '2022-11-23 08:46:18'),
(451, 13, 231, '', 'Sản phẩm tốt quá', 2, '2022-11-23 08:46:18', '2022-11-23 08:46:18'),
(452, 16, 235, '', 'Khá chất lượng với tầm giá, sản phẩm đẹp lắm', 5, '2022-11-23 08:46:18', '2022-11-23 08:46:18'),
(453, 14, 201, '', 'Chụp ảnh đẹp, chơi game mượt', 4, '2022-11-23 08:46:18', '2022-11-23 08:46:18'),
(454, 18, 220, '', 'Giao hàng cẩn thận, sản phẩm ngon', 3, '2022-11-23 08:46:18', '2022-11-23 08:46:18'),
(455, 14, 220, '', 'Giao hàng cẩn thận, sản phẩm ngon', 4, '2022-11-23 08:46:18', '2022-11-23 08:46:18'),
(456, 16, 194, '', 'Dịch vụ tốt, phục vụ khách hàng tốt', 3, '2022-11-23 08:46:19', '2022-11-23 08:46:19'),
(457, 4, 197, '', 'vote 5 sao cho sản phẩm', 1, '2022-11-23 08:46:19', '2022-11-23 08:46:19'),
(458, 13, 242, '', 'Sản phẩm tốt quá', 4.5, '2022-11-23 08:46:19', '2022-11-23 08:46:19'),
(459, 4, 236, '', 'Giao hàng cẩn thận, sản phẩm ngon', 3.5, '2022-11-23 08:46:19', '2022-11-23 08:46:19'),
(460, 13, 243, '', 'Chất lượng sản phẩm như trong hình', 4, '2022-11-23 08:46:19', '2022-11-23 08:46:19'),
(461, 9, 235, '', 'Sản phẩm hợp với túi tiền', 3.5, '2022-11-23 08:46:19', '2022-11-23 08:46:19'),
(462, 15, 247, '', 'Tính năng sản phẩm quá thích hợp với tôi', 3.5, '2022-11-23 08:46:19', '2022-11-23 08:46:19'),
(463, 16, 209, '', 'Sản phẩm hợp với túi tiền', 3.5, '2022-11-23 08:46:19', '2022-11-23 08:46:19'),
(464, 13, 221, '', 'Chất lượng sản phẩm như trong hình', 3.5, '2022-11-23 08:46:19', '2022-11-23 08:46:19'),
(465, 13, 247, '', 'Giao hàng cẩn thận, sản phẩm ngon', 2.5, '2022-11-23 08:46:19', '2022-11-23 08:46:19'),
(466, 7, 239, '', 'Giao hàng cẩn thận, sản phẩm ngon', 4.5, '2022-11-23 08:46:19', '2022-11-23 08:46:19'),
(467, 16, 215, '', 'Dịch vụ tốt, phục vụ khách hàng tốt', 3, '2022-11-23 08:46:19', '2022-11-23 08:46:19'),
(468, 10, 226, '', 'Giao hang nhanh, gói hàng cẩn thẩn, đúng với mô tả', 1.5, '2022-11-23 08:46:19', '2022-11-23 08:46:19'),
(469, 2, 197, '', 'Giao hàng cẩn thận, sản phẩm ngon', 2, '2022-11-23 08:46:19', '2022-11-23 08:46:19'),
(470, 1, 208, '', 'Sản phẩm hợp với túi tiền', 4.5, '2022-11-23 08:46:19', '2022-11-23 08:46:19'),
(471, 18, 189, '', 'Dịch vụ tốt, phục vụ khách hàng tốt', 2.5, '2022-11-23 08:46:19', '2022-11-23 08:46:19'),
(472, 10, 192, '', 'Giao hàng cẩn thận, sản phẩm ngon', 1, '2022-11-23 08:46:19', '2022-11-23 08:46:19'),
(473, 2, 223, '', 'Tính năng sản phẩm quá thích hợp với tôi', 5, '2022-11-23 08:46:19', '2022-11-23 08:46:19'),
(474, 15, 245, '', 'Dịch vụ tốt, phục vụ khách hàng tốt', 3.5, '2022-11-23 08:46:19', '2022-11-23 08:46:19'),
(475, 4, 244, '', 'Tính năng sản phẩm quá thích hợp với tôi', 2.5, '2022-11-23 08:46:19', '2022-11-23 08:46:19'),
(476, 4, 186, '', 'Khá chất lượng với tầm giá, sản phẩm đẹp lắm', 2, '2022-11-23 08:46:19', '2022-11-23 08:46:19'),
(477, 13, 216, '', 'Chụp ảnh đẹp, chơi game mượt', 4, '2022-11-23 08:46:19', '2022-11-23 08:46:19'),
(478, 14, 240, '', 'vote 5 sao cho sản phẩm', 2, '2022-11-23 08:46:19', '2022-11-23 08:46:19'),
(479, 19, 211, '', 'Mọi người nên mua sản phẩm này', 5, '2022-11-23 08:46:19', '2022-11-23 08:46:19'),
(480, 7, 190, '', 'Sản phẩm hợp với túi tiền', 3.5, '2022-11-23 08:46:19', '2022-11-23 08:46:19'),
(481, 13, 237, '', 'vote 5 sao cho sản phẩm', 1.5, '2022-11-23 08:46:19', '2022-11-23 08:46:19'),
(482, 1, 205, '', 'Chất lượng sản phẩm như trong hình', 2.5, '2022-11-23 08:46:19', '2022-11-23 08:46:19'),
(483, 19, 184, '', 'Chất lượng sản phẩm như trong hình', 1, '2022-11-23 08:46:19', '2022-11-23 08:46:19'),
(484, 2, 191, '', 'Sản phẩm tốt quá', 4, '2022-11-23 08:46:19', '2022-11-23 08:46:19'),
(485, 15, 216, '', 'Giao hàng cẩn thận, sản phẩm ngon', 3.5, '2022-11-23 08:46:19', '2022-11-23 08:46:19'),
(486, 18, 225, '', 'Dịch vụ tốt, phục vụ khách hàng tốt', 1, '2022-11-23 08:46:19', '2022-11-23 08:46:19'),
(487, 13, 221, '', 'Sản phẩm tốt quá', 4.5, '2022-11-23 08:46:19', '2022-11-23 08:46:19'),
(488, 18, 239, '', 'Dịch vụ tốt, phục vụ khách hàng tốt', 2, '2022-11-23 08:46:19', '2022-11-23 08:46:19'),
(489, 19, 206, '', 'Dịch vụ tốt, phục vụ khách hàng tốt', 4, '2022-11-23 08:46:19', '2022-11-23 08:46:19'),
(490, 1, 184, '', 'Chụp ảnh đẹp, chơi game mượt', 1.5, '2022-11-23 08:46:19', '2022-11-23 08:46:19'),
(491, 2, 249, '', 'Tính năng sản phẩm quá thích hợp với tôi', 1.5, '2022-11-23 08:46:19', '2022-11-23 08:46:19'),
(492, 1, 240, '', 'Giao hàng cẩn thận, sản phẩm ngon', 2, '2022-11-23 08:46:19', '2022-11-23 08:46:19'),
(493, 9, 225, '', 'Sản phẩm như mong đợi, đúng mô tả', 1.5, '2022-11-23 08:46:19', '2022-11-23 08:46:19'),
(494, 16, 212, '', 'Chất lượng sản phẩm như trong hình', 4, '2022-11-23 08:46:19', '2022-11-23 08:46:19'),
(495, 7, 232, '', 'Sản phẩm tốt quá', 4, '2022-11-23 08:46:19', '2022-11-23 08:46:19'),
(496, 16, 187, '', 'Sản phẩm đẹp, thân thiên dễ dùng', 3, '2022-11-23 08:46:19', '2022-11-23 08:46:19'),
(497, 19, 198, '', 'vote 5 sao cho sản phẩm', 3.5, '2022-11-23 08:46:19', '2022-11-23 08:46:19'),
(498, 19, 244, '', 'Sản phẩm như mong đợi, đúng mô tả', 4, '2022-11-23 08:46:19', '2022-11-23 08:46:19'),
(499, 19, 247, '', 'Giao hang nhanh, gói hàng cẩn thẩn, đúng với mô tả', 2, '2022-11-23 08:46:19', '2022-11-23 08:46:19'),
(500, 9, 209, '', 'Chất lượng sản phẩm như trong hình', 3, '2022-11-23 08:46:19', '2022-11-23 08:46:19'),
(501, 4, 241, '', 'Khá chất lượng với tầm giá, sản phẩm đẹp lắm', 2, '2022-11-23 08:46:19', '2022-11-23 08:46:19'),
(502, 13, 187, '', 'Giao hang nhanh, gói hàng cẩn thẩn, đúng với mô tả', 4, '2022-11-23 08:46:19', '2022-11-23 08:46:19'),
(503, 2, 202, '', 'Sản phẩm hợp với túi tiền', 2.5, '2022-11-23 08:46:19', '2022-11-23 08:46:19'),
(504, 10, 244, '', 'Chất lượng sản phẩm như trong hình', 4.5, '2022-11-23 08:46:19', '2022-11-23 08:46:19'),
(505, 1, 220, '', 'Dịch vụ tốt, phục vụ khách hàng tốt', 1, '2022-11-23 08:46:19', '2022-11-23 08:46:19'),
(506, 13, 182, '', 'Sản phẩm tốt quá', 4.5, '2022-11-23 08:46:19', '2022-11-23 08:46:19'),
(507, 9, 196, '', 'Sản phẩm đẹp, thân thiên dễ dùng', 2.5, '2022-11-23 08:46:19', '2022-11-23 08:46:19'),
(508, 4, 223, '', 'Giao hang nhanh, gói hàng cẩn thẩn, đúng với mô tả', 1.5, '2022-11-23 08:46:19', '2022-11-23 08:46:19'),
(509, 10, 226, '', 'Sản phẩm hợp với túi tiền', 4.5, '2022-11-23 08:46:19', '2022-11-23 08:46:19'),
(510, 18, 242, '', 'Khá chất lượng với tầm giá, sản phẩm đẹp lắm', 1, '2022-11-23 08:46:19', '2022-11-23 08:46:19'),
(511, 13, 228, '', 'Sản phẩm tốt quá', 3, '2022-11-23 08:46:19', '2022-11-23 08:46:19'),
(512, 18, 224, '', 'Chụp ảnh đẹp, chơi game mượt', 3, '2022-11-23 08:46:53', '2022-11-23 08:46:53'),
(513, 10, 196, '', 'vote 5 sao cho sản phẩm', 1, '2022-11-23 08:46:53', '2022-11-23 08:46:53'),
(514, 1, 223, '', 'Mọi người nên mua sản phẩm này', 4.5, '2022-11-23 08:46:53', '2022-11-23 08:46:53'),
(515, 15, 234, '', 'Chất lượng sản phẩm như trong hình', 1, '2022-11-23 08:46:53', '2022-11-23 08:46:53'),
(516, 7, 196, '', 'Dịch vụ tốt, phục vụ khách hàng tốt', 3.5, '2022-11-23 08:46:53', '2022-11-23 08:46:53'),
(517, 18, 249, '', 'Giao hang nhanh, gói hàng cẩn thẩn, đúng với mô tả', 2.5, '2022-11-23 08:46:53', '2022-11-23 08:46:53'),
(518, 2, 237, '', 'Dịch vụ tốt, phục vụ khách hàng tốt', 3, '2022-11-23 08:46:53', '2022-11-23 08:46:53'),
(519, 18, 249, '', 'Chất lượng sản phẩm như trong hình', 3, '2022-11-23 08:46:53', '2022-11-23 08:46:53'),
(520, 15, 219, '', 'Sản phẩm tốt quá', 4.5, '2022-11-23 08:46:53', '2022-11-23 08:46:53'),
(521, 10, 215, '', 'Dịch vụ tốt, phục vụ khách hàng tốt', 2, '2022-11-23 08:46:53', '2022-11-23 08:46:53'),
(522, 1, 218, '', 'Chất lượng sản phẩm như trong hình', 1, '2022-11-23 08:46:53', '2022-11-23 08:46:53'),
(523, 9, 196, '', 'Khá chất lượng với tầm giá, sản phẩm đẹp lắm', 1.5, '2022-11-23 08:46:53', '2022-11-23 08:46:53'),
(524, 15, 192, '', 'Giao hang nhanh, gói hàng cẩn thẩn, đúng với mô tả', 4.5, '2022-11-23 08:46:53', '2022-11-23 08:46:53'),
(525, 1, 234, '', 'Giao hang nhanh, gói hàng cẩn thẩn, đúng với mô tả', 1, '2022-11-23 08:46:53', '2022-11-23 08:46:53'),
(526, 1, 228, '', 'Giao hàng cẩn thận, sản phẩm ngon', 5, '2022-11-23 08:46:53', '2022-11-23 08:46:53'),
(527, 4, 203, '', 'Giao hàng cẩn thận, sản phẩm ngon', 1, '2022-11-23 08:46:53', '2022-11-23 08:46:53'),
(528, 14, 243, '', 'Sản phẩm đẹp, thân thiên dễ dùng', 1, '2022-11-23 08:46:53', '2022-11-23 08:46:53'),
(529, 2, 196, '', 'Sản phẩm như mong đợi, đúng mô tả', 1.5, '2022-11-23 08:46:53', '2022-11-23 08:46:53'),
(530, 15, 207, '', 'Khá chất lượng với tầm giá, sản phẩm đẹp lắm', 2.5, '2022-11-23 08:46:53', '2022-11-23 08:46:53'),
(531, 19, 214, '', 'Giao hang nhanh, gói hàng cẩn thẩn, đúng với mô tả', 1.5, '2022-11-23 08:46:53', '2022-11-23 08:46:53'),
(532, 15, 243, '', 'Dịch vụ tốt, phục vụ khách hàng tốt', 3, '2022-11-23 08:46:53', '2022-11-23 08:46:53'),
(533, 10, 219, '', 'Dịch vụ tốt, phục vụ khách hàng tốt', 3, '2022-11-23 08:46:53', '2022-11-23 08:46:53'),
(534, 7, 207, '', 'Tính năng sản phẩm quá thích hợp với tôi', 5, '2022-11-23 08:46:53', '2022-11-23 08:46:53'),
(535, 18, 201, '', 'Khá chất lượng với tầm giá, sản phẩm đẹp lắm', 4.5, '2022-11-23 08:46:53', '2022-11-23 08:46:53'),
(536, 10, 207, '', 'Chụp ảnh đẹp, chơi game mượt', 3.5, '2022-11-23 08:46:53', '2022-11-23 08:46:53'),
(537, 14, 198, '', 'Khá chất lượng với tầm giá, sản phẩm đẹp lắm', 2.5, '2022-11-23 08:46:53', '2022-11-23 08:46:53'),
(538, 9, 196, '', 'Giao hang nhanh, gói hàng cẩn thẩn, đúng với mô tả', 2.5, '2022-11-23 08:46:53', '2022-11-23 08:46:53'),
(539, 13, 232, '', 'Chất lượng sản phẩm như trong hình', 5, '2022-11-23 08:46:53', '2022-11-23 08:46:53'),
(540, 7, 185, '', 'Sản phẩm đẹp, thân thiên dễ dùng', 1.5, '2022-11-23 08:46:54', '2022-11-23 08:46:54'),
(541, 16, 183, '', 'Sản phẩm đẹp, thân thiên dễ dùng', 1.5, '2022-11-23 08:46:54', '2022-11-23 08:46:54'),
(542, 9, 222, '', 'Sản phẩm hợp với túi tiền', 4.5, '2022-11-23 08:46:54', '2022-11-23 08:46:54'),
(543, 7, 205, '', 'Chụp ảnh đẹp, chơi game mượt', 2.5, '2022-11-23 08:46:54', '2022-11-23 08:46:54'),
(544, 14, 199, '', 'Chất lượng sản phẩm như trong hình', 1, '2022-11-23 08:46:54', '2022-11-23 08:46:54'),
(545, 14, 199, '', 'Chất lượng sản phẩm như trong hình', 3, '2022-11-23 08:46:54', '2022-11-23 08:46:54'),
(546, 18, 223, '', 'Chụp ảnh đẹp, chơi game mượt', 3.5, '2022-11-23 08:46:54', '2022-11-23 08:46:54'),
(547, 14, 213, '', 'Dịch vụ tốt, phục vụ khách hàng tốt', 1.5, '2022-11-23 08:46:54', '2022-11-23 08:46:54'),
(548, 19, 204, '', 'Sản phẩm tốt quá', 1, '2022-11-23 08:46:54', '2022-11-23 08:46:54'),
(549, 4, 235, '', 'Chất lượng sản phẩm như trong hình', 4, '2022-11-23 08:46:54', '2022-11-23 08:46:54'),
(550, 10, 185, '', 'Dịch vụ tốt, phục vụ khách hàng tốt', 4, '2022-11-23 08:46:54', '2022-11-23 08:46:54'),
(551, 18, 202, '', 'vote 5 sao cho sản phẩm', 2.5, '2022-11-23 08:46:54', '2022-11-23 08:46:54'),
(552, 9, 215, '', 'Giao hang nhanh, gói hàng cẩn thẩn, đúng với mô tả', 2.5, '2022-11-23 08:46:54', '2022-11-23 08:46:54'),
(553, 4, 185, '', 'Giao hàng cẩn thận, sản phẩm ngon', 5, '2022-11-23 08:46:54', '2022-11-23 08:46:54'),
(554, 19, 231, '', 'Chất lượng sản phẩm như trong hình', 2, '2022-11-23 08:46:54', '2022-11-23 08:46:54'),
(555, 13, 241, '', 'Giao hàng cẩn thận, sản phẩm ngon', 2, '2022-11-23 08:46:54', '2022-11-23 08:46:54'),
(556, 19, 243, '', 'Sản phẩm đẹp, thân thiên dễ dùng', 4, '2022-11-23 08:46:54', '2022-11-23 08:46:54'),
(557, 10, 228, '', 'Sản phẩm tốt quá', 2.5, '2022-11-23 08:46:54', '2022-11-23 08:46:54'),
(558, 9, 237, '', 'Dịch vụ tốt, phục vụ khách hàng tốt', 1.5, '2022-11-23 08:46:54', '2022-11-23 08:46:54'),
(559, 18, 203, '', 'Mọi người nên mua sản phẩm này', 2, '2022-11-23 08:46:54', '2022-11-23 08:46:54'),
(560, 2, 191, '', 'vote 5 sao cho sản phẩm', 5, '2022-11-23 08:46:54', '2022-11-23 08:46:54'),
(561, 16, 201, '', 'Chất lượng sản phẩm như trong hình', 2, '2022-11-23 08:46:54', '2022-11-23 08:46:54'),
(562, 9, 185, '', 'Sản phẩm tốt quá', 3, '2022-11-23 08:46:54', '2022-11-23 08:46:54'),
(563, 19, 212, '', 'Khá chất lượng với tầm giá, sản phẩm đẹp lắm', 4, '2022-11-23 08:46:54', '2022-11-23 08:46:54'),
(564, 4, 194, '', 'Chụp ảnh đẹp, chơi game mượt', 1, '2022-11-23 08:46:54', '2022-11-23 08:46:54'),
(565, 15, 184, '', 'Chất lượng sản phẩm như trong hình', 5, '2022-11-23 08:46:54', '2022-11-23 08:46:54'),
(566, 18, 238, '', 'Giao hàng cẩn thận, sản phẩm ngon', 2.5, '2022-11-23 08:46:54', '2022-11-23 08:46:54'),
(567, 14, 216, '', 'Dịch vụ tốt, phục vụ khách hàng tốt', 2.5, '2022-11-23 08:46:55', '2022-11-23 08:46:55'),
(568, 2, 190, '', 'Sản phẩm tốt quá', 4.5, '2022-11-23 08:46:55', '2022-11-23 08:46:55'),
(569, 15, 182, '', 'Chất lượng sản phẩm như trong hình', 1, '2022-11-23 08:46:55', '2022-11-23 08:46:55'),
(570, 13, 184, '', 'Sản phẩm hợp với túi tiền', 1, '2022-11-23 08:46:55', '2022-11-23 08:46:55'),
(571, 1, 203, '', 'Dịch vụ tốt, phục vụ khách hàng tốt', 4, '2022-11-23 08:46:55', '2022-11-23 08:46:55'),
(572, 18, 215, '', 'vote 5 sao cho sản phẩm', 5, '2022-11-23 08:46:55', '2022-11-23 08:46:55'),
(573, 4, 244, '', 'Chất lượng sản phẩm như trong hình', 3.5, '2022-11-23 08:46:55', '2022-11-23 08:46:55'),
(574, 7, 190, '', 'Chụp ảnh đẹp, chơi game mượt', 4, '2022-11-23 08:46:55', '2022-11-23 08:46:55'),
(575, 10, 199, '', 'Chất lượng sản phẩm như trong hình', 4, '2022-11-23 08:46:55', '2022-11-23 08:46:55'),
(576, 19, 232, '', 'Mọi người nên mua sản phẩm này', 1.5, '2022-11-23 08:46:55', '2022-11-23 08:46:55'),
(577, 10, 213, '', 'Sản phẩm đẹp, thân thiên dễ dùng', 5, '2022-11-23 08:46:55', '2022-11-23 08:46:55'),
(578, 19, 193, '', 'Chụp ảnh đẹp, chơi game mượt', 2.5, '2022-11-23 08:46:55', '2022-11-23 08:46:55'),
(579, 13, 238, '', 'Sản phẩm đẹp, thân thiên dễ dùng', 5, '2022-11-23 08:46:55', '2022-11-23 08:46:55'),
(580, 14, 245, '', 'Sản phẩm đẹp, thân thiên dễ dùng', 4, '2022-11-23 08:46:55', '2022-11-23 08:46:55'),
(581, 14, 222, '', 'Tính năng sản phẩm quá thích hợp với tôi', 1, '2022-11-23 08:46:55', '2022-11-23 08:46:55'),
(582, 13, 228, '', 'vote 5 sao cho sản phẩm', 5, '2022-11-23 08:46:55', '2022-11-23 08:46:55'),
(583, 2, 230, '', 'vote 5 sao cho sản phẩm', 4, '2022-11-23 08:46:55', '2022-11-23 08:46:55'),
(584, 2, 183, '', 'Mọi người nên mua sản phẩm này', 5, '2022-11-23 08:46:55', '2022-11-23 08:46:55'),
(585, 14, 184, '', 'Chụp ảnh đẹp, chơi game mượt', 2.5, '2022-11-23 08:46:55', '2022-11-23 08:46:55'),
(586, 4, 229, '', 'Sản phẩm như mong đợi, đúng mô tả', 1, '2022-11-23 08:46:55', '2022-11-23 08:46:55'),
(587, 2, 220, '', 'Giao hang nhanh, gói hàng cẩn thẩn, đúng với mô tả', 2.5, '2022-11-23 08:46:55', '2022-11-23 08:46:55'),
(588, 4, 194, '', 'Tính năng sản phẩm quá thích hợp với tôi', 3.5, '2022-11-23 08:46:55', '2022-11-23 08:46:55'),
(589, 1, 184, '', 'Chụp ảnh đẹp, chơi game mượt', 1.5, '2022-11-23 08:46:55', '2022-11-23 08:46:55'),
(590, 13, 210, '', 'Mọi người nên mua sản phẩm này', 1.5, '2022-11-23 08:46:55', '2022-11-23 08:46:55'),
(591, 16, 235, '', 'Dịch vụ tốt, phục vụ khách hàng tốt', 3.5, '2022-11-23 08:46:55', '2022-11-23 08:46:55'),
(592, 7, 195, '', 'Sản phẩm đẹp, thân thiên dễ dùng', 5, '2022-11-23 08:46:55', '2022-11-23 08:46:55'),
(593, 14, 228, '', 'vote 5 sao cho sản phẩm', 4, '2022-11-23 08:46:55', '2022-11-23 08:46:55'),
(594, 9, 214, '', 'Sản phẩm đẹp, thân thiên dễ dùng', 3.5, '2022-11-23 08:46:55', '2022-11-23 08:46:55'),
(595, 18, 221, '', 'Khá chất lượng với tầm giá, sản phẩm đẹp lắm', 2, '2022-11-23 08:46:55', '2022-11-23 08:46:55'),
(596, 7, 206, '', 'Sản phẩm đẹp, thân thiên dễ dùng', 1, '2022-11-23 08:46:55', '2022-11-23 08:46:55'),
(597, 9, 248, '', 'Giao hang nhanh, gói hàng cẩn thẩn, đúng với mô tả', 1.5, '2022-11-23 08:46:55', '2022-11-23 08:46:55'),
(598, 15, 229, '', 'Sản phẩm đẹp, thân thiên dễ dùng', 4.5, '2022-11-23 08:46:55', '2022-11-23 08:46:55'),
(599, 10, 215, '', 'Mọi người nên mua sản phẩm này', 2, '2022-11-23 08:46:55', '2022-11-23 08:46:55'),
(600, 13, 215, '', 'Chất lượng sản phẩm như trong hình', 4, '2022-11-23 08:46:55', '2022-11-23 08:46:55'),
(601, 4, 200, '', 'Chất lượng sản phẩm như trong hình', 4.5, '2022-11-23 08:46:55', '2022-11-23 08:46:55'),
(602, 18, 238, '', 'Sản phẩm đẹp, thân thiên dễ dùng', 5, '2022-11-23 08:46:55', '2022-11-23 08:46:55'),
(603, 1, 198, '', 'Sản phẩm tốt quá', 4.5, '2022-11-23 08:46:55', '2022-11-23 08:46:55'),
(604, 2, 245, '', 'Sản phẩm tốt quá', 3.5, '2022-11-23 08:46:55', '2022-11-23 08:46:55'),
(605, 15, 237, '', 'Chụp ảnh đẹp, chơi game mượt', 1, '2022-11-23 08:46:55', '2022-11-23 08:46:55'),
(606, 14, 191, '', 'Giao hang nhanh, gói hàng cẩn thẩn, đúng với mô tả', 2.5, '2022-11-23 08:46:55', '2022-11-23 08:46:55'),
(607, 10, 206, '', 'Sản phẩm tốt quá', 3, '2022-11-23 08:46:55', '2022-11-23 08:46:55'),
(608, 9, 225, '', 'Giao hàng cẩn thận, sản phẩm ngon', 5, '2022-11-23 08:46:55', '2022-11-23 08:46:55'),
(609, 19, 196, '', 'Giao hàng cẩn thận, sản phẩm ngon', 2.5, '2022-11-23 08:46:55', '2022-11-23 08:46:55'),
(610, 14, 190, '', 'Sản phẩm hợp với túi tiền', 3, '2022-11-23 08:46:55', '2022-11-23 08:46:55'),
(611, 1, 193, '', 'Giao hàng cẩn thận, sản phẩm ngon', 1.5, '2022-11-23 08:46:55', '2022-11-23 08:46:55'),
(612, 16, 225, '', 'Chụp ảnh đẹp, chơi game mượt', 1, '2022-11-23 08:46:55', '2022-11-23 08:46:55'),
(613, 19, 199, '', 'Khá chất lượng với tầm giá, sản phẩm đẹp lắm', 3.5, '2022-11-23 08:46:55', '2022-11-23 08:46:55'),
(614, 2, 199, '', 'Chất lượng sản phẩm như trong hình', 1.5, '2022-11-23 08:46:55', '2022-11-23 08:46:55'),
(615, 16, 211, '', 'Sản phẩm hợp với túi tiền', 1, '2022-11-23 08:46:55', '2022-11-23 08:46:55'),
(616, 7, 188, '', 'Tính năng sản phẩm quá thích hợp với tôi', 3.5, '2022-11-23 08:46:55', '2022-11-23 08:46:55'),
(617, 10, 225, '', 'Dịch vụ tốt, phục vụ khách hàng tốt', 4, '2022-11-23 08:46:55', '2022-11-23 08:46:55'),
(618, 2, 197, '', 'Khá chất lượng với tầm giá, sản phẩm đẹp lắm', 1.5, '2022-11-23 08:46:55', '2022-11-23 08:46:55'),
(619, 13, 189, '', 'Khá chất lượng với tầm giá, sản phẩm đẹp lắm', 4, '2022-11-23 08:46:55', '2022-11-23 08:46:55'),
(620, 16, 248, '', 'Chất lượng sản phẩm như trong hình', 1, '2022-11-23 08:46:55', '2022-11-23 08:46:55'),
(621, 2, 208, '', 'Sản phẩm đẹp, thân thiên dễ dùng', 4.5, '2022-11-23 08:46:55', '2022-11-23 08:46:55'),
(622, 1, 191, '', 'Mọi người nên mua sản phẩm này', 5, '2022-11-23 08:46:55', '2022-11-23 08:46:55'),
(623, 15, 193, '', 'Sản phẩm tốt quá', 3.5, '2022-11-23 08:46:55', '2022-11-23 08:46:55'),
(624, 18, 245, '', 'vote 5 sao cho sản phẩm', 5, '2022-11-23 08:46:55', '2022-11-23 08:46:55'),
(625, 15, 193, '', 'Tính năng sản phẩm quá thích hợp với tôi', 4, '2022-11-23 08:46:55', '2022-11-23 08:46:55'),
(626, 2, 232, '', 'Khá chất lượng với tầm giá, sản phẩm đẹp lắm', 4, '2022-11-23 08:46:55', '2022-11-23 08:46:55'),
(627, 16, 247, '', 'vote 5 sao cho sản phẩm', 2, '2022-11-23 08:46:55', '2022-11-23 08:46:55'),
(628, 1, 183, '', 'Sản phẩm như mong đợi, đúng mô tả', 3, '2022-11-23 08:46:55', '2022-11-23 08:46:55'),
(629, 19, 219, '', 'Chụp ảnh đẹp, chơi game mượt', 4.5, '2022-11-23 08:46:55', '2022-11-23 08:46:55'),
(630, 10, 247, '', 'Sản phẩm như mong đợi, đúng mô tả', 2, '2022-11-23 08:46:55', '2022-11-23 08:46:55'),
(631, 18, 219, '', 'Sản phẩm tốt quá', 5, '2022-11-23 08:46:55', '2022-11-23 08:46:55'),
(632, 9, 248, '', 'Giao hang nhanh, gói hàng cẩn thẩn, đúng với mô tả', 5, '2022-11-23 08:46:55', '2022-11-23 08:46:55'),
(633, 19, 206, '', 'Sản phẩm như mong đợi, đúng mô tả', 5, '2022-11-23 08:46:55', '2022-11-23 08:46:55'),
(634, 1, 234, '', 'Sản phẩm như mong đợi, đúng mô tả', 1, '2022-11-23 08:46:55', '2022-11-23 08:46:55'),
(635, 16, 203, '', 'Sản phẩm tốt quá', 4, '2022-11-23 08:46:55', '2022-11-23 08:46:55'),
(636, 10, 213, '', 'Chụp ảnh đẹp, chơi game mượt', 2.5, '2022-11-23 08:46:55', '2022-11-23 08:46:55'),
(637, 14, 206, '', 'vote 5 sao cho sản phẩm', 4, '2022-11-23 08:46:55', '2022-11-23 08:46:55'),
(638, 1, 243, '', 'Sản phẩm hợp với túi tiền', 1.5, '2022-11-23 08:46:55', '2022-11-23 08:46:55'),
(639, 19, 188, '', 'Khá chất lượng với tầm giá, sản phẩm đẹp lắm', 1.5, '2022-11-23 08:46:55', '2022-11-23 08:46:55'),
(640, 15, 200, '', 'Tính năng sản phẩm quá thích hợp với tôi', 1.5, '2022-11-23 08:46:55', '2022-11-23 08:46:55'),
(641, 13, 224, '', 'Sản phẩm tốt quá', 4.5, '2022-11-23 08:46:55', '2022-11-23 08:46:55'),
(642, 13, 227, '', 'Sản phẩm như mong đợi, đúng mô tả', 3, '2022-11-23 08:46:55', '2022-11-23 08:46:55'),
(643, 18, 207, '', 'Chụp ảnh đẹp, chơi game mượt', 2, '2022-11-23 08:46:56', '2022-11-23 08:46:56'),
(644, 18, 233, '', 'Giao hang nhanh, gói hàng cẩn thẩn, đúng với mô tả', 1, '2022-11-23 08:46:56', '2022-11-23 08:46:56'),
(645, 2, 203, '', 'Giao hang nhanh, gói hàng cẩn thẩn, đúng với mô tả', 1.5, '2022-11-23 08:46:56', '2022-11-23 08:46:56'),
(646, 14, 209, '', 'Sản phẩm hợp với túi tiền', 5, '2022-11-23 08:46:56', '2022-11-23 08:46:56'),
(647, 1, 244, '', 'Khá chất lượng với tầm giá, sản phẩm đẹp lắm', 2.5, '2022-11-23 08:46:56', '2022-11-23 08:46:56'),
(648, 16, 233, '', 'Tính năng sản phẩm quá thích hợp với tôi', 3.5, '2022-11-23 08:46:56', '2022-11-23 08:46:56'),
(649, 10, 191, '', 'Chụp ảnh đẹp, chơi game mượt', 4.5, '2022-11-23 08:46:56', '2022-11-23 08:46:56'),
(650, 19, 232, '', 'Khá chất lượng với tầm giá, sản phẩm đẹp lắm', 2.5, '2022-11-23 08:46:56', '2022-11-23 08:46:56'),
(651, 10, 186, '', 'Tính năng sản phẩm quá thích hợp với tôi', 4, '2022-11-23 08:46:56', '2022-11-23 08:46:56'),
(652, 13, 213, '', 'Giao hang nhanh, gói hàng cẩn thẩn, đúng với mô tả', 5, '2022-11-23 08:46:56', '2022-11-23 08:46:56'),
(653, 7, 191, '', 'Chụp ảnh đẹp, chơi game mượt', 3, '2022-11-23 08:46:56', '2022-11-23 08:46:56'),
(654, 2, 196, '', 'Sản phẩm hợp với túi tiền', 1, '2022-11-23 08:46:56', '2022-11-23 08:46:56'),
(655, 4, 213, '', 'Sản phẩm tốt quá', 2.5, '2022-11-23 08:46:56', '2022-11-23 08:46:56'),
(656, 4, 239, '', 'Tính năng sản phẩm quá thích hợp với tôi', 5, '2022-11-23 08:46:56', '2022-11-23 08:46:56'),
(657, 10, 222, '', 'Chụp ảnh đẹp, chơi game mượt', 2.5, '2022-11-23 08:46:56', '2022-11-23 08:46:56'),
(658, 16, 208, '', 'Khá chất lượng với tầm giá, sản phẩm đẹp lắm', 3, '2022-11-23 08:46:56', '2022-11-23 08:46:56'),
(659, 16, 211, '', 'Sản phẩm hợp với túi tiền', 2.5, '2022-11-23 08:46:56', '2022-11-23 08:46:56'),
(660, 18, 237, '', 'Khá chất lượng với tầm giá, sản phẩm đẹp lắm', 4.5, '2022-11-23 08:46:56', '2022-11-23 08:46:56'),
(661, 9, 229, '', 'Sản phẩm đẹp, thân thiên dễ dùng', 2.5, '2022-11-23 08:46:56', '2022-11-23 08:46:56'),
(662, 9, 247, '', 'Giao hang nhanh, gói hàng cẩn thẩn, đúng với mô tả', 4, '2022-11-23 08:46:56', '2022-11-23 08:46:56'),
(663, 7, 186, '', 'Tính năng sản phẩm quá thích hợp với tôi', 1, '2022-11-23 08:46:56', '2022-11-23 08:46:56'),
(664, 16, 206, '', 'Sản phẩm đẹp, thân thiên dễ dùng', 4, '2022-11-23 08:46:56', '2022-11-23 08:46:56'),
(665, 4, 220, '', 'Chất lượng sản phẩm như trong hình', 4.5, '2022-11-23 08:46:56', '2022-11-23 08:46:56'),
(666, 15, 206, '', 'Sản phẩm tốt quá', 5, '2022-11-23 08:46:56', '2022-11-23 08:46:56'),
(667, 2, 232, '', 'vote 5 sao cho sản phẩm', 2.5, '2022-11-23 08:46:56', '2022-11-23 08:46:56'),
(668, 10, 190, '', 'Khá chất lượng với tầm giá, sản phẩm đẹp lắm', 4.5, '2022-11-23 08:46:56', '2022-11-23 08:46:56'),
(669, 18, 244, '', 'Sản phẩm đẹp, thân thiên dễ dùng', 3, '2022-11-23 08:46:56', '2022-11-23 08:46:56'),
(670, 4, 187, '', 'Mọi người nên mua sản phẩm này', 3.5, '2022-11-23 08:46:56', '2022-11-23 08:46:56'),
(671, 13, 213, '', 'Sản phẩm như mong đợi, đúng mô tả', 1.5, '2022-11-23 08:46:56', '2022-11-23 08:46:56'),
(672, 18, 183, '', 'Chất lượng sản phẩm như trong hình', 3, '2022-11-23 08:46:56', '2022-11-23 08:46:56'),
(673, 13, 228, '', 'Giao hang nhanh, gói hàng cẩn thẩn, đúng với mô tả', 5, '2022-11-23 08:46:56', '2022-11-23 08:46:56'),
(674, 15, 229, '', 'Chất lượng sản phẩm như trong hình', 2, '2022-11-23 08:46:56', '2022-11-23 08:46:56'),
(675, 15, 240, '', 'Khá chất lượng với tầm giá, sản phẩm đẹp lắm', 4, '2022-11-23 08:46:56', '2022-11-23 08:46:56'),
(676, 2, 208, '', 'Mọi người nên mua sản phẩm này', 2, '2022-11-23 08:46:56', '2022-11-23 08:46:56'),
(677, 16, 235, '', 'Chụp ảnh đẹp, chơi game mượt', 3, '2022-11-23 08:46:56', '2022-11-23 08:46:56'),
(678, 19, 188, '', 'Giao hang nhanh, gói hàng cẩn thẩn, đúng với mô tả', 1.5, '2022-11-23 08:46:56', '2022-11-23 08:46:56'),
(679, 14, 203, '', 'Tính năng sản phẩm quá thích hợp với tôi', 2.5, '2022-11-23 08:46:56', '2022-11-23 08:46:56'),
(680, 1, 236, '', 'Sản phẩm hợp với túi tiền', 4, '2022-11-23 08:46:56', '2022-11-23 08:46:56'),
(681, 1, 233, '', 'Sản phẩm như mong đợi, đúng mô tả', 2.5, '2022-11-23 08:46:56', '2022-11-23 08:46:56'),
(682, 7, 237, '', 'Tính năng sản phẩm quá thích hợp với tôi', 2.5, '2022-11-23 08:46:56', '2022-11-23 08:46:56'),
(683, 14, 232, '', 'Sản phẩm đẹp, thân thiên dễ dùng', 2.5, '2022-11-23 08:46:56', '2022-11-23 08:46:56'),
(684, 7, 234, '', 'Chụp ảnh đẹp, chơi game mượt', 3, '2022-11-23 08:46:56', '2022-11-23 08:46:56'),
(685, 13, 208, '', 'Chụp ảnh đẹp, chơi game mượt', 2, '2022-11-23 08:46:56', '2022-11-23 08:46:56'),
(686, 1, 214, '', 'Chụp ảnh đẹp, chơi game mượt', 2.5, '2022-11-23 08:46:56', '2022-11-23 08:46:56'),
(687, 7, 211, '', 'Sản phẩm đẹp, thân thiên dễ dùng', 5, '2022-11-23 08:46:56', '2022-11-23 08:46:56'),
(688, 7, 249, '', 'Sản phẩm như mong đợi, đúng mô tả', 2.5, '2022-11-23 08:46:56', '2022-11-23 08:46:56'),
(689, 4, 237, '', 'Khá chất lượng với tầm giá, sản phẩm đẹp lắm', 2.5, '2022-11-23 08:46:56', '2022-11-23 08:46:56'),
(690, 1, 213, '', 'Mọi người nên mua sản phẩm này', 2.5, '2022-11-23 08:46:56', '2022-11-23 08:46:56'),
(691, 18, 184, '', 'Khá chất lượng với tầm giá, sản phẩm đẹp lắm', 4, '2022-11-23 08:46:56', '2022-11-23 08:46:56'),
(692, 9, 196, '', 'Sản phẩm tốt quá', 1, '2022-11-23 08:46:56', '2022-11-23 08:46:56'),
(693, 1, 232, '', 'Mọi người nên mua sản phẩm này', 4.5, '2022-11-23 08:46:56', '2022-11-23 08:46:56'),
(694, 7, 212, '', 'Sản phẩm như mong đợi, đúng mô tả', 4.5, '2022-11-23 08:46:56', '2022-11-23 08:46:56'),
(695, 4, 189, '', 'Tính năng sản phẩm quá thích hợp với tôi', 3, '2022-11-23 08:46:56', '2022-11-23 08:46:56'),
(696, 10, 247, '', 'Dịch vụ tốt, phục vụ khách hàng tốt', 2, '2022-11-23 08:46:56', '2022-11-23 08:46:56'),
(697, 4, 229, '', 'Dịch vụ tốt, phục vụ khách hàng tốt', 3.5, '2022-11-23 08:46:56', '2022-11-23 08:46:56'),
(698, 10, 235, '', 'Tính năng sản phẩm quá thích hợp với tôi', 1, '2022-11-23 08:46:56', '2022-11-23 08:46:56'),
(699, 4, 214, '', 'Chất lượng sản phẩm như trong hình', 5, '2022-11-23 08:46:56', '2022-11-23 08:46:56'),
(700, 13, 183, '', 'Giao hang nhanh, gói hàng cẩn thẩn, đúng với mô tả', 4, '2022-11-23 08:46:56', '2022-11-23 08:46:56'),
(701, 9, 217, '', 'Sản phẩm đẹp, thân thiên dễ dùng', 1, '2022-11-23 08:46:56', '2022-11-23 08:46:56'),
(702, 15, 208, '', 'Giao hang nhanh, gói hàng cẩn thẩn, đúng với mô tả', 2.5, '2022-11-23 08:46:56', '2022-11-23 08:46:56'),
(703, 10, 227, '', 'Mọi người nên mua sản phẩm này', 5, '2022-11-23 08:46:56', '2022-11-23 08:46:56'),
(704, 16, 232, '', 'Sản phẩm hợp với túi tiền', 1.5, '2022-11-23 08:46:56', '2022-11-23 08:46:56'),
(705, 13, 212, '', 'Sản phẩm hợp với túi tiền', 4, '2022-11-23 08:46:56', '2022-11-23 08:46:56'),
(706, 15, 187, '', 'Sản phẩm tốt quá', 2, '2022-11-23 08:46:56', '2022-11-23 08:46:56'),
(707, 4, 195, '', 'Tính năng sản phẩm quá thích hợp với tôi', 5, '2022-11-23 08:46:56', '2022-11-23 08:46:56'),
(708, 19, 191, '', 'Sản phẩm hợp với túi tiền', 2.5, '2022-11-23 08:46:56', '2022-11-23 08:46:56'),
(709, 14, 223, '', 'Chụp ảnh đẹp, chơi game mượt', 2.5, '2022-11-23 08:46:56', '2022-11-23 08:46:56'),
(710, 16, 192, '', 'Giao hàng cẩn thận, sản phẩm ngon', 1.5, '2022-11-23 08:46:56', '2022-11-23 08:46:56'),
(711, 10, 185, '', 'Giao hang nhanh, gói hàng cẩn thẩn, đúng với mô tả', 1, '2022-11-23 08:46:56', '2022-11-23 08:46:56'),
(712, 7, 221, '', 'Sản phẩm hợp với túi tiền', 3.5, '2022-11-23 08:46:56', '2022-11-23 08:46:56'),
(713, 4, 210, '', 'Khá chất lượng với tầm giá, sản phẩm đẹp lắm', 1, '2022-11-23 08:46:56', '2022-11-23 08:46:56'),
(714, 15, 210, '', 'Dịch vụ tốt, phục vụ khách hàng tốt', 4.5, '2022-11-23 08:46:56', '2022-11-23 08:46:56'),
(715, 9, 213, '', 'Sản phẩm tốt quá', 5, '2022-11-23 08:46:57', '2022-11-23 08:46:57'),
(716, 14, 222, '', 'Sản phẩm tốt quá', 1.5, '2022-11-23 08:46:57', '2022-11-23 08:46:57'),
(717, 9, 218, '', 'Giao hàng cẩn thận, sản phẩm ngon', 4, '2022-11-23 08:46:57', '2022-11-23 08:46:57'),
(718, 2, 211, '', 'Khá chất lượng với tầm giá, sản phẩm đẹp lắm', 3, '2022-11-23 08:46:57', '2022-11-23 08:46:57'),
(719, 4, 232, '', 'Sản phẩm tốt quá', 3, '2022-11-23 08:46:57', '2022-11-23 08:46:57'),
(720, 9, 194, '', 'Giao hang nhanh, gói hàng cẩn thẩn, đúng với mô tả', 3.5, '2022-11-23 08:46:57', '2022-11-23 08:46:57'),
(721, 10, 230, '', 'Khá chất lượng với tầm giá, sản phẩm đẹp lắm', 3, '2022-11-23 08:46:57', '2022-11-23 08:46:57'),
(722, 15, 190, '', 'Sản phẩm đẹp, thân thiên dễ dùng', 4.5, '2022-11-23 08:46:57', '2022-11-23 08:46:57'),
(723, 1, 225, '', 'Sản phẩm đẹp, thân thiên dễ dùng', 2.5, '2022-11-23 08:46:57', '2022-11-23 08:46:57'),
(724, 13, 189, '', 'Khá chất lượng với tầm giá, sản phẩm đẹp lắm', 2.5, '2022-11-23 08:46:57', '2022-11-23 08:46:57'),
(725, 13, 225, '', 'Sản phẩm tốt quá', 3, '2022-11-23 08:46:57', '2022-11-23 08:46:57'),
(726, 1, 225, '', 'Khá chất lượng với tầm giá, sản phẩm đẹp lắm', 1, '2022-11-23 08:46:57', '2022-11-23 08:46:57'),
(727, 7, 234, '', 'Chất lượng sản phẩm như trong hình', 4.5, '2022-11-23 08:46:57', '2022-11-23 08:46:57'),
(728, 13, 240, '', 'Sản phẩm đẹp, thân thiên dễ dùng', 3, '2022-11-23 08:46:57', '2022-11-23 08:46:57'),
(729, 10, 233, '', 'Chất lượng sản phẩm như trong hình', 1.5, '2022-11-23 08:46:57', '2022-11-23 08:46:57'),
(730, 10, 195, '', 'Sản phẩm tốt quá', 1.5, '2022-11-23 08:46:57', '2022-11-23 08:46:57'),
(731, 7, 234, '', 'Tính năng sản phẩm quá thích hợp với tôi', 2.5, '2022-11-23 08:46:57', '2022-11-23 08:46:57'),
(732, 18, 189, '', 'Khá chất lượng với tầm giá, sản phẩm đẹp lắm', 2, '2022-11-23 08:46:57', '2022-11-23 08:46:57'),
(733, 1, 244, '', 'Sản phẩm đẹp, thân thiên dễ dùng', 3.5, '2022-11-23 08:46:57', '2022-11-23 08:46:57'),
(734, 7, 188, '', 'Giao hàng cẩn thận, sản phẩm ngon', 2.5, '2022-11-23 08:46:57', '2022-11-23 08:46:57'),
(735, 14, 191, '', 'Chụp ảnh đẹp, chơi game mượt', 1, '2022-11-23 08:46:57', '2022-11-23 08:46:57'),
(736, 15, 183, '', 'vote 5 sao cho sản phẩm', 3.5, '2022-11-23 08:46:57', '2022-11-23 08:46:57'),
(737, 4, 196, '', 'Giao hàng cẩn thận, sản phẩm ngon', 5, '2022-11-23 08:46:57', '2022-11-23 08:46:57'),
(738, 7, 186, '', 'Tính năng sản phẩm quá thích hợp với tôi', 3, '2022-11-23 08:46:57', '2022-11-23 08:46:57'),
(739, 1, 238, '', 'Mọi người nên mua sản phẩm này', 1, '2022-11-23 08:46:57', '2022-11-23 08:46:57'),
(740, 15, 187, '', 'Dịch vụ tốt, phục vụ khách hàng tốt', 3.5, '2022-11-23 08:46:57', '2022-11-23 08:46:57'),
(741, 9, 214, '', 'vote 5 sao cho sản phẩm', 2, '2022-11-23 08:46:57', '2022-11-23 08:46:57'),
(742, 9, 194, '', 'Giao hang nhanh, gói hàng cẩn thẩn, đúng với mô tả', 3.5, '2022-11-23 08:46:57', '2022-11-23 08:46:57'),
(743, 13, 202, '', 'Mọi người nên mua sản phẩm này', 1, '2022-11-23 08:46:57', '2022-11-23 08:46:57'),
(744, 15, 205, '', 'Mọi người nên mua sản phẩm này', 2, '2022-11-23 08:46:57', '2022-11-23 08:46:57'),
(745, 19, 247, '', 'Chụp ảnh đẹp, chơi game mượt', 4.5, '2022-11-23 08:46:57', '2022-11-23 08:46:57'),
(746, 10, 240, '', 'Tính năng sản phẩm quá thích hợp với tôi', 2, '2022-11-23 08:46:57', '2022-11-23 08:46:57'),
(747, 9, 244, '', 'vote 5 sao cho sản phẩm', 2.5, '2022-11-23 08:46:57', '2022-11-23 08:46:57'),
(748, 7, 215, '', 'Sản phẩm đẹp, thân thiên dễ dùng', 3, '2022-11-23 08:46:57', '2022-11-23 08:46:57'),
(749, 9, 239, '', 'Giao hàng cẩn thận, sản phẩm ngon', 1.5, '2022-11-23 08:46:57', '2022-11-23 08:46:57'),
(750, 9, 182, '', 'Sản phẩm hợp với túi tiền', 5, '2022-11-23 08:46:57', '2022-11-23 08:46:57'),
(751, 13, 191, '', 'Sản phẩm hợp với túi tiền', 4.5, '2022-11-23 08:46:57', '2022-11-23 08:46:57'),
(752, 14, 191, '', 'Mọi người nên mua sản phẩm này', 3, '2022-11-23 08:46:57', '2022-11-23 08:46:57'),
(753, 10, 202, '', 'Sản phẩm hợp với túi tiền', 2, '2022-11-23 08:46:57', '2022-11-23 08:46:57'),
(754, 10, 228, '', 'Sản phẩm hợp với túi tiền', 1.5, '2022-11-23 08:46:57', '2022-11-23 08:46:57'),
(755, 9, 218, '', 'Dịch vụ tốt, phục vụ khách hàng tốt', 4, '2022-11-23 08:46:57', '2022-11-23 08:46:57'),
(756, 10, 241, '', 'Mọi người nên mua sản phẩm này', 1, '2022-11-23 08:46:57', '2022-11-23 08:46:57'),
(757, 16, 238, '', 'Sản phẩm hợp với túi tiền', 4, '2022-11-23 08:46:57', '2022-11-23 08:46:57'),
(758, 1, 194, '', 'Giao hang nhanh, gói hàng cẩn thẩn, đúng với mô tả', 2.5, '2022-11-23 08:46:57', '2022-11-23 08:46:57'),
(759, 14, 232, '', 'Giao hàng cẩn thận, sản phẩm ngon', 4, '2022-11-23 08:46:57', '2022-11-23 08:46:57'),
(760, 18, 208, '', 'Mọi người nên mua sản phẩm này', 3, '2022-11-23 08:46:57', '2022-11-23 08:46:57'),
(761, 14, 193, '', 'Tính năng sản phẩm quá thích hợp với tôi', 1.5, '2022-11-23 08:46:57', '2022-11-23 08:46:57'),
(762, 15, 238, '', 'Sản phẩm đẹp, thân thiên dễ dùng', 1.5, '2022-11-23 08:46:57', '2022-11-23 08:46:57'),
(763, 18, 213, '', 'Giao hang nhanh, gói hàng cẩn thẩn, đúng với mô tả', 4.5, '2022-11-23 08:46:57', '2022-11-23 08:46:57'),
(764, 1, 188, '', 'vote 5 sao cho sản phẩm', 2, '2022-11-23 08:46:58', '2022-11-23 08:46:58'),
(765, 2, 208, '', 'Sản phẩm tốt quá', 5, '2022-11-23 08:46:58', '2022-11-23 08:46:58'),
(766, 16, 240, '', 'Sản phẩm hợp với túi tiền', 1.5, '2022-11-23 08:46:58', '2022-11-23 08:46:58'),
(767, 4, 212, '', 'Tính năng sản phẩm quá thích hợp với tôi', 3.5, '2022-11-23 08:46:58', '2022-11-23 08:46:58'),
(768, 16, 247, '', 'Sản phẩm hợp với túi tiền', 4, '2022-11-23 08:46:58', '2022-11-23 08:46:58'),
(769, 16, 196, '', 'Dịch vụ tốt, phục vụ khách hàng tốt', 3.5, '2022-11-23 08:46:58', '2022-11-23 08:46:58'),
(770, 15, 217, '', 'vote 5 sao cho sản phẩm', 5, '2022-11-23 08:46:58', '2022-11-23 08:46:58'),
(771, 10, 235, '', 'Sản phẩm hợp với túi tiền', 4.5, '2022-11-23 08:46:58', '2022-11-23 08:46:58'),
(772, 13, 249, '', 'Tính năng sản phẩm quá thích hợp với tôi', 3.5, '2022-11-23 08:46:58', '2022-11-23 08:46:58'),
(773, 15, 214, '', 'vote 5 sao cho sản phẩm', 5, '2022-11-23 08:46:58', '2022-11-23 08:46:58'),
(774, 14, 229, '', 'Chụp ảnh đẹp, chơi game mượt', 2, '2022-11-23 08:46:58', '2022-11-23 08:46:58'),
(775, 9, 226, '', 'Giao hang nhanh, gói hàng cẩn thẩn, đúng với mô tả', 4, '2022-11-23 08:46:58', '2022-11-23 08:46:58'),
(776, 14, 201, '', 'Sản phẩm tốt quá', 5, '2022-11-23 08:46:58', '2022-11-23 08:46:58'),
(777, 18, 207, '', 'Khá chất lượng với tầm giá, sản phẩm đẹp lắm', 2, '2022-11-23 08:46:58', '2022-11-23 08:46:58'),
(778, 14, 210, '', 'Sản phẩm đẹp, thân thiên dễ dùng', 3.5, '2022-11-23 08:46:58', '2022-11-23 08:46:58'),
(779, 15, 245, '', 'Sản phẩm hợp với túi tiền', 1.5, '2022-11-23 08:46:58', '2022-11-23 08:46:58'),
(780, 10, 213, '', 'Mọi người nên mua sản phẩm này', 4.5, '2022-11-23 08:46:58', '2022-11-23 08:46:58'),
(781, 16, 200, '', 'Giao hàng cẩn thận, sản phẩm ngon', 2, '2022-11-23 08:46:58', '2022-11-23 08:46:58'),
(782, 15, 190, '', 'Sản phẩm hợp với túi tiền', 3.5, '2022-11-23 08:46:58', '2022-11-23 08:46:58'),
(783, 9, 213, '', 'Mọi người nên mua sản phẩm này', 4.5, '2022-11-23 08:46:58', '2022-11-23 08:46:58'),
(784, 9, 233, '', 'Giao hang nhanh, gói hàng cẩn thẩn, đúng với mô tả', 3, '2022-11-23 08:46:58', '2022-11-23 08:46:58'),
(785, 19, 246, '', 'vote 5 sao cho sản phẩm', 5, '2022-11-23 08:46:58', '2022-11-23 08:46:58'),
(786, 18, 239, '', 'Sản phẩm như mong đợi, đúng mô tả', 3.5, '2022-11-23 08:46:58', '2022-11-23 08:46:58'),
(787, 7, 240, '', 'Dịch vụ tốt, phục vụ khách hàng tốt', 4.5, '2022-11-23 08:46:58', '2022-11-23 08:46:58'),
(788, 2, 209, '', 'Tính năng sản phẩm quá thích hợp với tôi', 2.5, '2022-11-23 08:46:58', '2022-11-23 08:46:58'),
(789, 9, 203, '', 'Giao hàng cẩn thận, sản phẩm ngon', 3, '2022-11-23 08:46:58', '2022-11-23 08:46:58'),
(790, 4, 244, '', 'Sản phẩm như mong đợi, đúng mô tả', 4.5, '2022-11-23 08:46:58', '2022-11-23 08:46:58'),
(791, 16, 182, '', 'Giao hang nhanh, gói hàng cẩn thẩn, đúng với mô tả', 2.5, '2022-11-23 08:46:58', '2022-11-23 08:46:58'),
(792, 9, 233, '', 'Sản phẩm đẹp, thân thiên dễ dùng', 4.5, '2022-11-23 08:46:58', '2022-11-23 08:46:58'),
(793, 16, 240, '', 'Giao hàng cẩn thận, sản phẩm ngon', 4, '2022-11-23 08:46:58', '2022-11-23 08:46:58'),
(794, 4, 220, '', 'Chụp ảnh đẹp, chơi game mượt', 1.5, '2022-11-23 08:46:58', '2022-11-23 08:46:58'),
(795, 15, 185, '', 'Khá chất lượng với tầm giá, sản phẩm đẹp lắm', 1, '2022-11-23 08:46:58', '2022-11-23 08:46:58'),
(796, 4, 221, '', 'Sản phẩm tốt quá', 1, '2022-11-23 08:46:58', '2022-11-23 08:46:58'),
(797, 13, 207, '', 'Mọi người nên mua sản phẩm này', 2.5, '2022-11-23 08:46:58', '2022-11-23 08:46:58'),
(798, 4, 202, '', 'Dịch vụ tốt, phục vụ khách hàng tốt', 1, '2022-11-23 08:46:58', '2022-11-23 08:46:58'),
(799, 10, 196, '', 'Sản phẩm hợp với túi tiền', 2.5, '2022-11-23 08:46:58', '2022-11-23 08:46:58'),
(800, 14, 194, '', 'Sản phẩm hợp với túi tiền', 2.5, '2022-11-23 13:05:21', '2022-11-23 13:05:21'),
(801, 7, 227, '', 'Sản phẩm như mong đợi, đúng mô tả', 1, '2022-11-23 13:05:21', '2022-11-23 13:05:21'),
(802, 10, 198, '', 'Sản phẩm như mong đợi, đúng mô tả', 3.5, '2022-11-23 13:05:21', '2022-11-23 13:05:21'),
(803, 14, 218, '', 'Khá chất lượng với tầm giá, sản phẩm đẹp lắm', 2, '2022-11-23 13:05:21', '2022-11-23 13:05:21'),
(804, 20, 190, '', 'Khá chất lượng với tầm giá, sản phẩm đẹp lắm', 2.5, '2022-11-23 13:05:21', '2022-11-23 13:05:21'),
(805, 18, 214, '', 'Tính năng sản phẩm quá thích hợp với tôi', 3.5, '2022-11-23 13:05:21', '2022-11-23 13:05:21'),
(806, 24, 188, '', 'Sản phẩm tốt quá', 2.5, '2022-11-23 13:05:21', '2022-11-23 13:05:21'),
(807, 21, 246, '', 'Dịch vụ tốt, phục vụ khách hàng tốt', 2.5, '2022-11-23 13:05:21', '2022-11-23 13:05:21'),
(808, 29, 245, '', 'Chất lượng sản phẩm như trong hình', 5, '2022-11-23 13:05:21', '2022-11-23 13:05:21'),
(809, 16, 188, '', 'Dịch vụ tốt, phục vụ khách hàng tốt', 2, '2022-11-23 13:05:21', '2022-11-23 13:05:21'),
(810, 22, 218, '', 'Sản phẩm tốt quá', 4.5, '2022-11-23 13:05:21', '2022-11-23 13:05:21'),
(811, 19, 237, '', 'Chất lượng sản phẩm như trong hình', 3.5, '2022-11-23 13:05:21', '2022-11-23 13:05:21'),
(812, 27, 189, '', 'Giao hang nhanh, gói hàng cẩn thẩn, đúng với mô tả', 1.5, '2022-11-23 13:05:21', '2022-11-23 13:05:21'),
(813, 7, 213, '', 'vote 5 sao cho sản phẩm', 3, '2022-11-23 13:05:21', '2022-11-23 13:05:21'),
(814, 32, 220, '', 'Mọi người nên mua sản phẩm này', 4, '2022-11-23 13:05:21', '2022-11-23 13:05:21'),
(815, 16, 247, '', 'Dịch vụ tốt, phục vụ khách hàng tốt', 3, '2022-11-23 13:05:21', '2022-11-23 13:05:21'),
(816, 10, 207, '', 'vote 5 sao cho sản phẩm', 4, '2022-11-23 13:05:21', '2022-11-23 13:05:21'),
(817, 23, 186, '', 'Sản phẩm tốt quá', 1.5, '2022-11-23 13:05:21', '2022-11-23 13:05:21'),
(818, 9, 223, '', 'Mọi người nên mua sản phẩm này', 4, '2022-11-23 13:05:21', '2022-11-23 13:05:21'),
(819, 4, 214, '', 'vote 5 sao cho sản phẩm', 1, '2022-11-23 13:05:21', '2022-11-23 13:05:21'),
(820, 28, 230, '', 'vote 5 sao cho sản phẩm', 3, '2022-11-23 13:05:21', '2022-11-23 13:05:21'),
(821, 29, 191, '', 'Dịch vụ tốt, phục vụ khách hàng tốt', 4.5, '2022-11-23 13:05:21', '2022-11-23 13:05:21'),
(822, 26, 202, '', 'Mọi người nên mua sản phẩm này', 4, '2022-11-23 13:05:21', '2022-11-23 13:05:21'),
(823, 28, 238, '', 'vote 5 sao cho sản phẩm', 3, '2022-11-23 13:05:21', '2022-11-23 13:05:21'),
(824, 16, 216, '', 'Giao hàng cẩn thận, sản phẩm ngon', 5, '2022-11-23 13:05:21', '2022-11-23 13:05:21'),
(825, 28, 244, '', 'Chụp ảnh đẹp, chơi game mượt', 4, '2022-11-23 13:05:21', '2022-11-23 13:05:21'),
(826, 9, 213, '', 'Mọi người nên mua sản phẩm này', 4.5, '2022-11-23 13:05:21', '2022-11-23 13:05:21'),
(827, 26, 223, '', 'Giao hàng cẩn thận, sản phẩm ngon', 4, '2022-11-23 13:05:21', '2022-11-23 13:05:21'),
(828, 23, 196, '', 'Tính năng sản phẩm quá thích hợp với tôi', 1, '2022-11-23 13:05:21', '2022-11-23 13:05:21'),
(829, 18, 197, '', 'Chất lượng sản phẩm như trong hình', 4.5, '2022-11-23 13:05:21', '2022-11-23 13:05:21'),
(830, 32, 204, '', 'vote 5 sao cho sản phẩm', 4, '2022-11-23 13:05:21', '2022-11-23 13:05:21'),
(831, 4, 183, '', 'Sản phẩm đẹp, thân thiên dễ dùng', 2.5, '2022-11-23 13:05:21', '2022-11-23 13:05:21'),
(832, 31, 206, '', 'Sản phẩm đẹp, thân thiên dễ dùng', 4, '2022-11-23 13:05:21', '2022-11-23 13:05:21'),
(833, 22, 219, '', 'Tính năng sản phẩm quá thích hợp với tôi', 3.5, '2022-11-23 13:05:21', '2022-11-23 13:05:21'),
(834, 30, 196, '', 'Chất lượng sản phẩm như trong hình', 2.5, '2022-11-23 13:05:21', '2022-11-23 13:05:21'),
(835, 14, 222, '', 'Khá chất lượng với tầm giá, sản phẩm đẹp lắm', 4.5, '2022-11-23 13:05:21', '2022-11-23 13:05:21'),
(836, 18, 213, '', 'Giao hang nhanh, gói hàng cẩn thẩn, đúng với mô tả', 2.5, '2022-11-23 13:05:21', '2022-11-23 13:05:21'),
(837, 22, 242, '', 'Sản phẩm hợp với túi tiền', 5, '2022-11-23 13:05:21', '2022-11-23 13:05:21'),
(838, 22, 238, '', 'Sản phẩm hợp với túi tiền', 2.5, '2022-11-23 13:05:21', '2022-11-23 13:05:21'),
(839, 15, 212, '', 'vote 5 sao cho sản phẩm', 3.5, '2022-11-23 13:05:21', '2022-11-23 13:05:21'),
(840, 24, 188, '', 'Giao hang nhanh, gói hàng cẩn thẩn, đúng với mô tả', 3.5, '2022-11-23 13:05:21', '2022-11-23 13:05:21'),
(841, 15, 218, '', 'Sản phẩm đẹp, thân thiên dễ dùng', 3.5, '2022-11-23 13:05:21', '2022-11-23 13:05:21'),
(842, 4, 239, '', 'Giao hang nhanh, gói hàng cẩn thẩn, đúng với mô tả', 3, '2022-11-23 13:05:21', '2022-11-23 13:05:21'),
(843, 7, 225, '', 'Tính năng sản phẩm quá thích hợp với tôi', 1.5, '2022-11-23 13:05:21', '2022-11-23 13:05:21'),
(844, 7, 211, '', 'Chụp ảnh đẹp, chơi game mượt', 2, '2022-11-23 13:05:21', '2022-11-23 13:05:21'),
(845, 22, 189, '', 'Chụp ảnh đẹp, chơi game mượt', 4.5, '2022-11-23 13:05:21', '2022-11-23 13:05:21'),
(846, 26, 213, '', 'Chụp ảnh đẹp, chơi game mượt', 3, '2022-11-23 13:05:21', '2022-11-23 13:05:21'),
(847, 32, 186, '', 'Tính năng sản phẩm quá thích hợp với tôi', 5, '2022-11-23 13:05:21', '2022-11-23 13:05:21'),
(848, 31, 182, '', 'Chất lượng sản phẩm như trong hình', 1, '2022-11-23 13:05:21', '2022-11-23 13:05:21'),
(849, 26, 225, '', 'Giao hàng cẩn thận, sản phẩm ngon', 1, '2022-11-23 13:05:21', '2022-11-23 13:05:21'),
(850, 20, 243, '', 'Giao hàng cẩn thận, sản phẩm ngon', 1.5, '2022-11-23 13:05:21', '2022-11-23 13:05:21'),
(851, 26, 214, '', 'Sản phẩm như mong đợi, đúng mô tả', 3, '2022-11-23 13:05:21', '2022-11-23 13:05:21'),
(852, 27, 247, '', 'Sản phẩm như mong đợi, đúng mô tả', 3.5, '2022-11-23 13:05:21', '2022-11-23 13:05:21'),
(853, 10, 209, '', 'Chụp ảnh đẹp, chơi game mượt', 5, '2022-11-23 13:05:21', '2022-11-23 13:05:21'),
(854, 9, 208, '', 'Dịch vụ tốt, phục vụ khách hàng tốt', 1, '2022-11-23 13:05:21', '2022-11-23 13:05:21'),
(855, 19, 195, '', 'Tính năng sản phẩm quá thích hợp với tôi', 1, '2022-11-23 13:05:21', '2022-11-23 13:05:21'),
(856, 26, 222, '', 'Tính năng sản phẩm quá thích hợp với tôi', 4.5, '2022-11-23 13:05:21', '2022-11-23 13:05:21'),
(857, 18, 188, '', 'Giao hàng cẩn thận, sản phẩm ngon', 2, '2022-11-23 13:05:21', '2022-11-23 13:05:21'),
(858, 1, 213, '', 'Giao hang nhanh, gói hàng cẩn thẩn, đúng với mô tả', 2.5, '2022-11-23 13:05:21', '2022-11-23 13:05:21'),
(859, 24, 211, '', 'Giao hang nhanh, gói hàng cẩn thẩn, đúng với mô tả', 5, '2022-11-23 13:05:21', '2022-11-23 13:05:21'),
(860, 19, 184, '', 'Chất lượng sản phẩm như trong hình', 4.5, '2022-11-23 13:05:21', '2022-11-23 13:05:21'),
(861, 32, 230, '', 'Sản phẩm như mong đợi, đúng mô tả', 4, '2022-11-23 13:05:22', '2022-11-23 13:05:22'),
(862, 30, 217, '', 'vote 5 sao cho sản phẩm', 2, '2022-11-23 13:05:22', '2022-11-23 13:05:22'),
(863, 29, 194, '', 'vote 5 sao cho sản phẩm', 1.5, '2022-11-23 13:05:22', '2022-11-23 13:05:22'),
(864, 14, 207, '', 'Khá chất lượng với tầm giá, sản phẩm đẹp lắm', 1.5, '2022-11-23 13:05:22', '2022-11-23 13:05:22'),
(865, 26, 184, '', 'Sản phẩm hợp với túi tiền', 5, '2022-11-23 13:05:22', '2022-11-23 13:05:22'),
(866, 18, 200, '', 'Giao hàng cẩn thận, sản phẩm ngon', 3, '2022-11-23 13:05:22', '2022-11-23 13:05:22'),
(867, 14, 188, '', 'Tính năng sản phẩm quá thích hợp với tôi', 3, '2022-11-23 13:05:22', '2022-11-23 13:05:22'),
(868, 9, 242, '', 'Chất lượng sản phẩm như trong hình', 4, '2022-11-23 13:05:22', '2022-11-23 13:05:22'),
(869, 32, 208, '', 'Mọi người nên mua sản phẩm này', 2, '2022-11-23 13:05:22', '2022-11-23 13:05:22'),
(870, 19, 244, '', 'Sản phẩm đẹp, thân thiên dễ dùng', 2.5, '2022-11-23 13:05:22', '2022-11-23 13:05:22'),
(871, 13, 189, '', 'Sản phẩm đẹp, thân thiên dễ dùng', 3.5, '2022-11-23 13:05:22', '2022-11-23 13:05:22'),
(872, 19, 182, '', 'Sản phẩm tốt quá', 3.5, '2022-11-23 13:05:22', '2022-11-23 13:05:22'),
(873, 19, 238, '', 'Chất lượng sản phẩm như trong hình', 2.5, '2022-11-23 13:05:22', '2022-11-23 13:05:22'),
(874, 30, 189, '', 'Mọi người nên mua sản phẩm này', 3.5, '2022-11-23 13:05:22', '2022-11-23 13:05:22'),
(875, 7, 235, '', 'Mọi người nên mua sản phẩm này', 5, '2022-11-23 13:05:22', '2022-11-23 13:05:22'),
(876, 26, 202, '', 'Mọi người nên mua sản phẩm này', 2, '2022-11-23 13:05:22', '2022-11-23 13:05:22'),
(877, 16, 240, '', 'Khá chất lượng với tầm giá, sản phẩm đẹp lắm', 3, '2022-11-23 13:05:22', '2022-11-23 13:05:22'),
(878, 4, 229, '', 'Khá chất lượng với tầm giá, sản phẩm đẹp lắm', 4.5, '2022-11-23 13:05:22', '2022-11-23 13:05:22'),
(879, 30, 193, '', 'Mọi người nên mua sản phẩm này', 4, '2022-11-23 13:05:22', '2022-11-23 13:05:22');
INSERT INTO `evalues` (`idEvalue`, `idCustomer`, `idProduct`, `title`, `content`, `stars`, `createAt`, `updateAt`) VALUES
(880, 18, 232, '', 'Chụp ảnh đẹp, chơi game mượt', 1, '2022-11-23 13:05:22', '2022-11-23 13:05:22'),
(881, 1, 221, '', 'Sản phẩm đẹp, thân thiên dễ dùng', 4, '2022-11-23 13:05:22', '2022-11-23 13:05:22'),
(882, 20, 248, '', 'Sản phẩm đẹp, thân thiên dễ dùng', 3, '2022-11-23 13:05:22', '2022-11-23 13:05:22'),
(883, 32, 226, '', 'Sản phẩm đẹp, thân thiên dễ dùng', 3, '2022-11-23 13:05:22', '2022-11-23 13:05:22'),
(884, 1, 219, '', 'Chụp ảnh đẹp, chơi game mượt', 2.5, '2022-11-23 13:05:22', '2022-11-23 13:05:22'),
(885, 29, 192, '', 'Sản phẩm đẹp, thân thiên dễ dùng', 2.5, '2022-11-23 13:05:22', '2022-11-23 13:05:22'),
(886, 4, 212, '', 'Sản phẩm hợp với túi tiền', 5, '2022-11-23 13:05:22', '2022-11-23 13:05:22'),
(887, 13, 241, '', 'Khá chất lượng với tầm giá, sản phẩm đẹp lắm', 3.5, '2022-11-23 13:05:22', '2022-11-23 13:05:22'),
(888, 29, 212, '', 'Chụp ảnh đẹp, chơi game mượt', 4, '2022-11-23 13:05:22', '2022-11-23 13:05:22'),
(889, 26, 194, '', 'Dịch vụ tốt, phục vụ khách hàng tốt', 3, '2022-11-23 13:05:22', '2022-11-23 13:05:22'),
(890, 7, 209, '', 'vote 5 sao cho sản phẩm', 1.5, '2022-11-23 13:05:22', '2022-11-23 13:05:22'),
(891, 14, 191, '', 'Sản phẩm đẹp, thân thiên dễ dùng', 3, '2022-11-23 13:05:22', '2022-11-23 13:05:22'),
(892, 20, 182, '', 'vote 5 sao cho sản phẩm', 2.5, '2022-11-23 13:05:22', '2022-11-23 13:05:22'),
(893, 23, 206, '', 'Chất lượng sản phẩm như trong hình', 3, '2022-11-23 13:05:22', '2022-11-23 13:05:22'),
(894, 27, 211, '', 'Sản phẩm như mong đợi, đúng mô tả', 5, '2022-11-23 13:05:22', '2022-11-23 13:05:22'),
(895, 29, 221, '', 'Mọi người nên mua sản phẩm này', 2.5, '2022-11-23 13:05:22', '2022-11-23 13:05:22'),
(896, 30, 238, '', 'vote 5 sao cho sản phẩm', 1.5, '2022-11-23 13:05:22', '2022-11-23 13:05:22'),
(897, 1, 202, '', 'Giao hàng cẩn thận, sản phẩm ngon', 1, '2022-11-23 13:05:22', '2022-11-23 13:05:22'),
(898, 10, 207, '', 'Sản phẩm đẹp, thân thiên dễ dùng', 1.5, '2022-11-23 13:05:22', '2022-11-23 13:05:22'),
(899, 22, 233, '', 'Chất lượng sản phẩm như trong hình', 3.5, '2022-11-23 13:05:22', '2022-11-23 13:05:22'),
(900, 2, 189, '123', '123', 5, '2022-11-24 06:42:19', '2022-11-24 06:42:19'),
(901, 2, 191, 'Hài longf', 'Đánh giá tốt', 4, '2022-11-25 14:04:40', '2022-11-25 14:04:40'),
(902, 2, 211, 'Hài lòng', 'Đánh giá tốt', 3, '2022-11-25 14:05:33', '2022-11-25 14:05:33'),
(903, 2, 211, 'ád', 'Sản phẩm tốt', 4, '2022-11-25 14:10:41', '2022-11-25 14:10:41');

-- --------------------------------------------------------

--
-- Table structure for table `imagesproduct`
--

CREATE TABLE `imagesproduct` (
  `idImage` int(11) NOT NULL,
  `idProduct` int(11) NOT NULL,
  `name` varchar(200) NOT NULL,
  `url` text NOT NULL
) ENGINE=InnoDB DEFAULT CHARSET=utf8mb4;

-- --------------------------------------------------------

--
-- Table structure for table `options`
--

CREATE TABLE `options` (
  `idOption` int(11) NOT NULL,
  `nameOption` varchar(100) NOT NULL,
  `idProduct` int(11) NOT NULL
) ENGINE=InnoDB DEFAULT CHARSET=utf8mb4;

-- --------------------------------------------------------

--
-- Table structure for table `orderdetail`
--

CREATE TABLE `orderdetail` (
  `idOrderDetail` int(11) NOT NULL,
  `idOrder` int(11) NOT NULL,
  `idProduct` int(11) NOT NULL
) ENGINE=InnoDB DEFAULT CHARSET=utf8mb4;

--
-- Dumping data for table `orderdetail`
--

INSERT INTO `orderdetail` (`idOrderDetail`, `idOrder`, `idProduct`) VALUES
(1, 2, 182),
(2, 2, 183),
(3, 3, 244),
(4, 3, 244),
(5, 3, 244),
(6, 4, 244),
(7, 4, 244),
(8, 4, 244),
(9, 5, 244),
(10, 5, 244),
(11, 5, 244),
(12, 6, 244),
(13, 6, 244),
(14, 6, 244),
(15, 7, 244),
(16, 7, 244),
(17, 7, 244),
(18, 8, 244),
(19, 8, 244),
(20, 8, 244),
(21, 9, 193),
(22, 9, 219),
(23, 9, 210);

-- --------------------------------------------------------

--
-- Table structure for table `orders`
--

CREATE TABLE `orders` (
  `idOrder` int(11) NOT NULL,
  `idCustomer` int(11) NOT NULL,
  `name` varchar(40) NOT NULL,
  `phone` varchar(40) NOT NULL,
  `address` varchar(40) NOT NULL,
  `note` text NOT NULL,
  `status` varchar(20) NOT NULL,
  `createdAt` datetime NOT NULL DEFAULT current_timestamp()
) ENGINE=InnoDB DEFAULT CHARSET=utf8mb4;

--
-- Dumping data for table `orders`
--

INSERT INTO `orders` (`idOrder`, `idCustomer`, `name`, `phone`, `address`, `note`, `status`, `createdAt`) VALUES
(1, 1, 'Le Huu Phu', '0389551830', '123', '', 'đang xác minh', '2022-11-27 15:21:58'),
(2, 1, 'Le Huu Phu', '0389551830', '123', '', 'đang xác minh', '2022-11-27 15:22:24'),
(3, 2, 'undefined', '123', '123', '', 'đang xác minh', '2022-11-27 15:37:34'),
(4, 2, 'undefined', '123', '123', '', 'đang xác minh', '2022-11-27 15:39:25'),
(5, 2, 'undefined', '123', '123123', '', 'đang xác minh', '2022-11-27 15:42:07'),
(6, 2, 'undefined', '123', '123', '', 'đang xác minh', '2022-11-27 15:47:45'),
(7, 2, 'undefined', '123', '123', '', 'đang xác minh', '2022-11-27 15:48:00'),
(8, 2, 'undefined', '123', '123', '', 'đang xác minh', '2022-11-27 15:51:08'),
(9, 2, 'Long Nguyen Vo Hoang', '+84389551829', 'Thôn Thạch Nham Tây - Xã Hòa Nhơn - Huyệ', 'Đồ dễ vỡ', 'đang xác minh', '2022-12-03 01:00:59');

-- --------------------------------------------------------

--
-- Table structure for table `products`
--

CREATE TABLE `products` (
  `idProduct` int(11) NOT NULL,
  `idCategory` int(11) NOT NULL,
  `idBrand` int(11) NOT NULL,
  `name` varchar(50) NOT NULL,
  `price` int(11) NOT NULL,
  `isOption` tinyint(1) NOT NULL DEFAULT 0,
  `thumbnail` text NOT NULL,
  `isDiscount` tinyint(1) NOT NULL DEFAULT 0,
  `discount` int(11) NOT NULL,
  `inventory` int(11) NOT NULL,
  `description` text NOT NULL,
  `criteria` varchar(150) NOT NULL,
  `createAt` timestamp NOT NULL DEFAULT current_timestamp() ON UPDATE current_timestamp(),
  `updateAt` timestamp NULL DEFAULT NULL
) ENGINE=InnoDB DEFAULT CHARSET=utf8mb4;

--
-- Dumping data for table `products`
--

INSERT INTO `products` (`idProduct`, `idCategory`, `idBrand`, `name`, `price`, `isOption`, `thumbnail`, `isDiscount`, `discount`, `inventory`, `description`, `criteria`, `createAt`, `updateAt`) VALUES
(182, 1, 1, 'Vivo Y15 series', 3090000, 0, 'http://localhost:5000/images/Vivo-y15s-2021-xanh-den-660x600.jpg', 1, 6, 0, '', '', '2022-11-20 15:08:42', NULL),
(183, 1, 1, 'iPhone 13 Pro Max', 30990000, 0, 'http://localhost:5000/images/iphone-13-pro-max-xanh-la-thumb-600x600.jpg', 1, 8, 0, '', '', '2022-11-20 15:08:42', NULL),
(184, 1, 1, 'Xiaomi Redmi Note 11', 4390000, 0, 'http://localhost:5000/images/Xiaomi-redmi-note-11-black-600x600.jpeg', 1, 13, 0, '', '', '2022-11-20 15:08:42', NULL),
(185, 1, 1, 'iPhone 13', 19990000, 0, 'http://localhost:5000/images/iphone-13-starlight-1-600x600.jpg', 1, 2, 0, '', '', '2022-11-20 15:08:42', NULL),
(186, 1, 1, 'OPPO Reno8 series', 18490000, 0, 'http://localhost:5000/images/oppo-reno8-pro-thumb-xanh-1-600x600.jpg', 1, 3, 0, '', '', '2022-11-20 15:08:42', NULL),
(187, 1, 1, 'iPhone 14 Pro Max', 33590000, 0, 'http://localhost:5000/images/iphone-14-pro-max-vang-thumb-600x600.jpg', 1, 7, 0, '', '', '2022-11-20 15:08:42', NULL),
(188, 1, 1, 'Samsung Galaxy Z Fold3 5G', 28990000, 0, 'http://localhost:5000/images/samsung-galaxy-z-fold-3-silver-1-600x600.jpg', 1, 15, 0, '', '', '2022-11-20 15:08:42', NULL),
(189, 1, 1, 'Samsung Galaxy S22 Ultra 5G', 24990000, 0, 'http://localhost:5000/images/Galaxy-S22-Ultra-Burgundy-600x600.jpg', 1, 4, 0, '', '', '2022-11-20 15:08:42', NULL),
(190, 1, 1, 'Samsung Galaxy Z Fold4 5G', 37990000, 0, 'http://localhost:5000/images/samsung-galaxy-z-fold4-kem-256gb-600x600.jpg', 1, 12, 0, '', '', '2022-11-20 15:08:42', NULL),
(191, 1, 1, 'Xiaomi Redmi Note 11S series', 6190000, 0, 'http://localhost:5000/images/xiaomi-redmi-note-11s-5g-xanh-lam-thumb-1-600x600.jpg', 1, 15, 0, '', '', '2022-11-20 15:08:42', NULL),
(192, 1, 1, 'iPhone 11', 11690000, 0, 'http://localhost:5000/images/iphone-11-trang-600x600.jpg', 1, 9, 0, '', '', '2022-11-20 15:08:42', NULL),
(193, 1, 1, 'Samsung Galaxy S22+ 5G', 19990000, 0, 'http://localhost:5000/images/Galaxy-S22-Plus-White-600x600.jpg', 1, 13, 0, '', '', '2022-11-20 15:08:42', NULL),
(194, 1, 1, 'Samsung Galaxy A23', 5290000, 0, 'http://localhost:5000/images/samsung-galaxy-a23-cam-thumb-600x600.jpg', 1, 8, 0, '', '', '2022-11-20 15:08:42', NULL),
(195, 1, 1, 'Samsung Galaxy Z Flip4 5G', 20990000, 0, 'http://localhost:5000/images/samsung-galaxy-z-flip4-5g-128gb-thumb-tim-600x600.jpg', 1, 5, 0, '', '', '2022-11-20 15:08:42', NULL),
(196, 1, 1, 'iPhone 13 Pro', 27990000, 0, 'http://localhost:5000/images/iphone-13-pro-gold-1-600x600.jpg', 1, 10, 0, '', '', '2022-11-20 15:08:42', NULL),
(197, 1, 1, 'iPhone 14 Plus', 25790000, 0, 'http://localhost:5000/images/iPhone-14-plus-thumb-den-600x600.jpg', 0, 0, 0, '', '', '2022-11-20 15:08:42', NULL),
(198, 1, 1, 'iPhone 14 Pro', 30590000, 0, 'http://localhost:5000/images/iphone-14-pro-tim-thumb-600x600.jpg', 1, 12, 0, '', '', '2022-11-20 15:08:42', NULL),
(199, 1, 1, 'iPhone 14', 22790000, 0, 'http://localhost:5000/images/iPhone-14-thumb-tim-1-600x600.jpg', 1, 9, 0, '', '', '2022-11-20 15:08:42', NULL),
(200, 1, 1, 'iPhone 14 Plus', 25790000, 0, 'http://localhost:5000/images/iPhone-14-plus-thumb-den-600x600.jpg', 1, 4, 0, '', '', '2022-11-20 15:09:43', NULL),
(201, 1, 1, 'iPhone 13', 19990000, 0, 'http://localhost:5000/images/iphone-13-starlight-1-600x600.jpg', 1, 4, 0, '', '', '2022-11-20 15:09:44', NULL),
(202, 1, 1, 'iPhone 14', 22790000, 0, 'http://localhost:5000/images/iPhone-14-thumb-tim-1-600x600.jpg', 1, 15, 0, '', '', '2022-11-20 15:09:44', NULL),
(203, 1, 1, 'iPhone 14 Pro Max', 33590000, 0, 'http://localhost:5000/images/iphone-14-pro-max-vang-thumb-600x600.jpg', 1, 9, 0, '', '', '2022-11-20 15:09:44', NULL),
(204, 1, 1, 'OPPO Reno8 series', 18490000, 0, 'http://localhost:5000/images/oppo-reno8-pro-thumb-xanh-1-600x600.jpg', 1, 1, 0, '', '', '2022-11-20 15:09:44', NULL),
(205, 1, 1, 'iPhone 13 Pro', 27990000, 0, 'http://localhost:5000/images/iphone-13-pro-gold-1-600x600.jpg', 0, 0, 0, '', '', '2022-11-20 15:09:44', NULL),
(206, 1, 1, 'iPhone 14 Pro', 30590000, 0, 'http://localhost:5000/images/iphone-14-pro-tim-thumb-600x600.jpg', 1, 14, 0, '', '', '2022-11-20 15:09:44', NULL),
(207, 1, 1, 'Vivo Y15 series', 3090000, 0, 'http://localhost:5000/images/Vivo-y15s-2021-xanh-den-660x600.jpg', 0, 0, 0, '', '', '2022-11-20 15:09:44', NULL),
(208, 1, 1, 'Samsung Galaxy Z Flip4 5G', 20990000, 0, 'http://localhost:5000/images/samsung-galaxy-z-flip4-5g-128gb-thumb-tim-600x600.jpg', 1, 8, 0, '', '', '2022-11-20 15:09:44', NULL),
(209, 1, 1, 'iPhone 11', 11690000, 0, 'http://localhost:5000/images/iphone-11-trang-600x600.jpg', 1, 5, 0, '', '', '2022-11-20 15:09:44', NULL),
(210, 1, 1, 'Samsung Galaxy A23', 5290000, 0, 'http://localhost:5000/images/samsung-galaxy-a23-cam-thumb-600x600.jpg', 1, 8, 0, '', '', '2022-11-20 15:09:44', NULL),
(211, 1, 1, 'Xiaomi Redmi Note 11S series', 6190000, 0, 'http://localhost:5000/images/xiaomi-redmi-note-11s-5g-xanh-lam-thumb-1-600x600.jpg', 1, 9, 0, '', '', '2022-11-20 15:09:44', NULL),
(212, 1, 1, 'Samsung Galaxy S22 Ultra 5G', 24990000, 0, 'http://localhost:5000/images/Galaxy-S22-Ultra-Burgundy-600x600.jpg', 1, 4, 0, '', '', '2022-11-20 15:09:44', NULL),
(213, 1, 1, 'Samsung Galaxy Z Fold4 5G', 37990000, 0, 'http://localhost:5000/images/samsung-galaxy-z-fold4-kem-256gb-600x600.jpg', 1, 1, 0, '', '', '2022-11-20 15:09:44', NULL),
(214, 1, 1, 'Samsung Galaxy S22+ 5G', 19990000, 0, 'http://localhost:5000/images/Galaxy-S22-Plus-White-600x600.jpg', 1, 13, 0, '', '', '2022-11-20 15:09:44', NULL),
(215, 1, 1, 'Xiaomi Redmi Note 11', 4390000, 0, 'http://localhost:5000/images/Xiaomi-redmi-note-11-black-600x600.jpeg', 1, 5, 0, '', '', '2022-11-20 15:09:45', NULL),
(216, 1, 1, 'iPhone 13 Pro Max', 30990000, 0, 'http://localhost:5000/images/iphone-13-pro-max-xanh-la-thumb-600x600.jpg', 1, 1, 0, '', '', '2022-11-20 15:09:45', NULL),
(217, 1, 1, 'Samsung Galaxy Z Flip4 5G', 20990000, 0, 'http://localhost:5000/images/samsung-galaxy-z-flip4-5g-128gb-thumb-tim-600x600.jpg', 1, 1, 0, '', '', '2022-11-20 15:20:50', NULL),
(218, 1, 1, 'Vivo Y15 series', 3090000, 0, 'http://localhost:5000/images/Vivo-y15s-2021-xanh-den-660x600.jpg', 1, 4, 0, '', '', '2022-11-20 15:20:50', NULL),
(219, 1, 1, 'OPPO Reno8 series', 18490000, 0, 'http://localhost:5000/images/oppo-reno8-pro-thumb-xanh-1-600x600.jpg', 1, 4, 0, '', '', '2022-11-20 15:20:50', NULL),
(220, 1, 1, 'iPhone 14 Plus', 25790000, 0, 'http://localhost:5000/images/iPhone-14-plus-thumb-den-600x600.jpg', 1, 10, 0, '', '', '2022-11-20 15:20:50', NULL),
(221, 1, 1, 'iPhone 14', 22790000, 0, 'http://localhost:5000/images/iPhone-14-thumb-tim-1-600x600.jpg', 1, 12, 0, '', '', '2022-11-20 15:20:50', NULL),
(222, 1, 1, 'Xiaomi Redmi Note 11', 4390000, 0, 'http://localhost:5000/images/Xiaomi-redmi-note-11-black-600x600.jpeg', 0, 0, 0, '', '', '2022-11-20 15:20:50', NULL),
(223, 1, 1, 'Samsung Galaxy A23', 5290000, 0, 'http://localhost:5000/images/samsung-galaxy-a23-cam-thumb-600x600.jpg', 1, 4, 0, '', '', '2022-11-20 15:20:50', NULL),
(224, 1, 1, 'iPhone 13 Pro Max', 30990000, 0, 'http://localhost:5000/images/iphone-13-pro-max-xanh-la-thumb-600x600.jpg', 1, 5, 0, '', '', '2022-11-20 15:20:50', NULL),
(225, 1, 1, 'Samsung Galaxy Z Fold4 5G', 37990000, 0, 'http://localhost:5000/images/samsung-galaxy-z-fold4-kem-256gb-600x600.jpg', 1, 2, 0, '', '', '2022-11-20 15:20:50', NULL),
(226, 1, 1, 'Xiaomi Redmi Note 11S series', 6190000, 0, 'http://localhost:5000/images/xiaomi-redmi-note-11s-5g-xanh-lam-thumb-1-600x600.jpg', 1, 13, 0, '', '', '2022-11-20 15:20:50', NULL),
(227, 1, 1, 'Samsung Galaxy S22 Ultra 5G', 24990000, 0, 'http://localhost:5000/images/Galaxy-S22-Ultra-Burgundy-600x600.jpg', 1, 6, 0, '', '', '2022-11-20 15:20:50', NULL),
(228, 1, 1, 'iPhone 14 Pro', 30590000, 0, 'http://localhost:5000/images/iphone-14-pro-tim-thumb-600x600.jpg', 1, 14, 0, '', '', '2022-11-20 15:20:50', NULL),
(229, 1, 1, 'iPhone 14 Pro Max', 33590000, 0, 'http://localhost:5000/images/iphone-14-pro-max-vang-thumb-600x600.jpg', 1, 12, 0, '', '', '2022-11-20 15:20:50', NULL),
(230, 1, 1, 'iPhone 11', 11690000, 0, 'http://localhost:5000/images/iphone-11-trang-600x600.jpg', 1, 3, 0, '', '', '2022-11-20 15:20:50', NULL),
(231, 1, 1, 'Samsung Galaxy S22+ 5G', 19990000, 0, 'http://localhost:5000/images/Galaxy-S22-Plus-White-600x600.jpg', 1, 14, 0, '', '', '2022-11-20 15:20:50', NULL),
(232, 1, 1, 'Samsung Galaxy Z Fold3 5G', 28990000, 0, 'http://localhost:5000/images/samsung-galaxy-z-fold-3-silver-1-600x600.jpg', 1, 14, 0, '', '', '2022-11-20 15:20:50', NULL),
(233, 1, 1, 'iPhone 13', 19990000, 0, 'http://localhost:5000/images/iphone-13-starlight-1-600x600.jpg', 1, 14, 0, '', '', '2022-11-20 15:20:50', NULL),
(234, 1, 1, 'iPhone 13 Pro', 27990000, 0, 'http://localhost:5000/images/iphone-13-pro-gold-1-600x600.jpg', 1, 6, 0, '', '', '2022-11-20 15:20:50', NULL),
(235, 2, 1, 'Lenovo Gaming Legion 5 15ACH6 R7 5800H (82JW00KMVN', 25990000, 0, 'http://localhost:5000/images/lenovo-gaming-legion-5-15ach6-r7-82jw00kmvn-090522-085406-600x600.jpg', 1, 13, 0, '', '', '2022-11-20 17:51:12', NULL),
(236, 2, 1, 'Lenovo Yoga Slim 7 Carbon 13ITL5 i5 1135G7 (82NH00', 27790000, 0, 'http://localhost:5000/images/lenovo-yoga-slim-7-carbon-13itl5-i5-82nh00avvn-020722-015914-600x600.jpg', 1, 5, 0, '', '', '2022-11-20 17:51:12', NULL),
(237, 2, 1, 'Asus TUF Gaming FX506LHB i5 10300H (HN188W)\n      ', 18790000, 0, 'http://localhost:5000/images/asus-tuf-gaming-fx506lhb-i5-hn188w-600x600.jpeg', 1, 13, 0, '', '', '2022-11-20 17:51:12', NULL),
(238, 2, 1, 'Acer TravelMate B3 TMB311 31 C2HB N4020 (NX.VNFSV.', 4990000, 0, 'http://localhost:5000/images/acer-travelmate-b3-tmb311-31-c2hb-n4020-600x600.jpg', 1, 2, 0, '', '', '2022-11-20 17:51:12', NULL),
(239, 2, 1, 'Lenovo Yoga Slim 7 Pro 14IHU5 i5 11300H (82NH00AMV', 21790000, 0, 'http://localhost:5000/images/lenovo-yoga-slim-7-pro-14ihu5-i5-82nh00amvn-thumb-1-600x600.jpg', 0, 0, 0, '', '', '2022-11-20 17:51:12', NULL),
(240, 2, 1, 'Acer TravelMate B3 TMB311 31 C2HB N4020 (NX.VNFSV.', 4990000, 0, 'http://localhost:5000/images/acer-travelmate-b3-tmb311-31-c2hb-n4020-600x600.jpg', 1, 4, 0, '', '', '2022-11-20 17:51:12', NULL),
(241, 2, 1, 'MacBook Air M1 2020 7-core GPU\n        \n          ', 22890000, 0, 'http://localhost:5000/images/macbook-air-m1-2020-silver-600x600.jpg', 1, 3, 0, '', '', '2022-11-20 17:51:12', NULL),
(242, 2, 1, 'Microsoft 365 Personal 32/64bit chính hãng\n       ', 2147483647, 0, 'http://localhost:5000/images/1-600x600.jpg', 1, 8, 0, '', '', '2022-11-20 17:51:12', NULL),
(243, 2, 1, 'MacBook Air M1 2020 7-core GPU\n        \n          ', 22890000, 0, 'http://localhost:5000/images/macbook-air-m1-2020-silver-600x600.jpg', 1, 10, 0, '', '', '2022-11-20 17:54:23', NULL),
(244, 2, 1, 'MacBook Air M1 2020 7-core GPU\n        \n          ', 22890000, 0, 'http://localhost:5000/images/macbook-air-m1-2020-silver-600x600.jpg', 1, 10, 0, '', '', '2022-11-20 17:56:22', NULL),
(245, 2, 1, 'MacBook Air M1 2020 7-core GPU\n        \n          ', 30290000, 0, 'http://localhost:5000/images/macbook-air-m1-2020-gold-600x600.jpg', 1, 2, 0, '', '', '2022-11-20 18:05:58', NULL),
(246, 2, 1, 'MacBook Air M1 2020 7-core GPU\n        \n          ', 30290000, 0, 'http://localhost:5000/images/macbook-air-m1-2020-gold-600x600.jpg', 1, 15, 0, '', '', '2022-11-20 18:07:26', NULL),
(247, 2, 1, 'MacBook Air M1 2020 7-core GPU\n        \n          ', 30290000, 0, 'http://localhost:5000/images/macbook-air-m1-2020-gold-600x600.jpg', 1, 13, 0, '', '', '2022-11-20 18:08:30', NULL),
(248, 2, 1, 'MacBook Air M1 2020 7-core GPU\n        \n          ', 30290000, 0, 'http://localhost:5000/images/macbook-air-m1-2020-gold-600x600.jpg', 1, 8, 0, '', '', '2022-11-20 18:08:45', NULL),
(249, 2, 1, 'MacBook Air M1 2020 7-core GPU\n        \n          ', 30290000, 0, 'http://localhost:5000/images/macbook-air-m1-2020-gold-600x600.jpg', 1, 13, 0, '', '', '2022-11-20 18:10:46', NULL);

-- --------------------------------------------------------

--
-- Table structure for table `specifications`
--

CREATE TABLE `specifications` (
  `idSpecification` int(11) NOT NULL,
  `idProduct` int(11) NOT NULL,
  `label` varchar(100) NOT NULL,
  `value` varchar(200) NOT NULL
) ENGINE=InnoDB DEFAULT CHARSET=utf8mb4;

--
-- Dumping data for table `specifications`
--

INSERT INTO `specifications` (`idSpecification`, `idProduct`, `label`, `value`) VALUES
(849, 182, 'Kích thước màn hình', 'AMOLEDChính 6.7'),
(850, 183, 'Camera trước', '28 MP'),
(851, 182, 'Hệ điều hành', 'Android'),
(852, 182, 'Thương hiệu', 'Xiami'),
(853, 182, 'Camera sau', 'Chính 50 MP & Phụ 8 MP, 2 MP, 2 MP'),
(854, 183, 'Hệ điều hành', 'IOS'),
(855, 183, 'Camera sau', 'Chính 50 MP & Phụ 8 MP, 2 MP, 2 MP'),
(856, 183, 'Ram', '8 GB'),
(857, 183, 'Pin', '5500 mAh'),
(858, 183, 'Bộ nhớ lưu trữ', '1 TB'),
(859, 183, 'Thương hiệu', 'Apple'),
(860, 182, 'Bộ nhớ lưu trữ', '256 GB'),
(861, 182, 'Pin', '3240 mAh'),
(862, 182, 'Ram', '12 GB'),
(863, 183, 'Kích thước màn hình', 'OLED6.1 Super Retina XDR'),
(864, 184, 'Kích thước màn hình', 'AMOLEDChính 6.7'),
(865, 182, 'Camera trước', '50 MP'),
(866, 184, 'Camera sau', 'Chính 50 MP & Phụ 12 MP, 10 MP'),
(867, 184, 'Hệ điều hành', 'Android'),
(868, 184, 'Camera trước', '22 MP'),
(869, 184, 'Ram', '4 GB'),
(870, 184, 'Bộ nhớ lưu trữ', '1 TB'),
(871, 185, 'Camera sau', 'Chính 50 MP & Phụ 8 MP, 2 MP, 2 MP'),
(872, 185, 'Ram', '12 GB'),
(873, 185, 'Bộ nhớ lưu trữ', '1 TB'),
(874, 185, 'Pin', '4500 mAh'),
(875, 184, 'Pin', '3240 mAh'),
(876, 185, 'Hệ điều hành', 'IOS'),
(877, 185, 'Thương hiệu', 'Apple'),
(878, 185, 'Kích thước màn hình', 'IPS LCD6.51 HD+'),
(879, 185, 'Camera trước', '50 MP'),
(880, 184, 'Thương hiệu', 'Xiami'),
(881, 186, 'Camera trước', '22 MP'),
(882, 186, 'Kích thước màn hình', 'Dynamic AMOLED 2X Chính 7.6 & Phụ 6.2 Quad HD+ (2K+)'),
(883, 186, 'Hệ điều hành', 'Android'),
(884, 186, 'Camera sau', '3 camera 12 MP'),
(885, 186, 'Ram', '4 GB'),
(886, 186, 'Bộ nhớ lưu trữ', '1 TB'),
(887, 186, 'Pin', '3240 mAh'),
(888, 187, 'Kích thước màn hình', 'AMOLED6.7 Full HD+'),
(889, 186, 'Thương hiệu', 'Xiami'),
(890, 187, 'Camera trước', '12 MP'),
(891, 187, 'Thương hiệu', 'Apple'),
(892, 188, 'Kích thước màn hình', 'Dynamic AMOLED 2X Chính 7.6 & Phụ 6.2 Quad HD+ (2K+)'),
(893, 188, 'Hệ điều hành', 'Android'),
(894, 188, 'Camera trước', '12 MP'),
(895, 187, 'Hệ điều hành', 'IOS'),
(896, 187, 'Camera sau', '2 camera 12 MP'),
(897, 187, 'Ram', '4 GB'),
(898, 187, 'Bộ nhớ lưu trữ', '64 GB'),
(899, 188, 'Camera sau', '2 camera 12 MP'),
(900, 187, 'Pin', '8500 mAh'),
(901, 188, 'Ram', '16 GB'),
(902, 188, 'Pin', '3240 mAh'),
(903, 188, 'Bộ nhớ lưu trữ', '256 GB'),
(904, 188, 'Thương hiệu', 'Sam sung'),
(905, 189, 'Kích thước màn hình', 'Dynamic AMOLED 2XChính 7.6 & Phụ 6.2 Full HD+'),
(906, 189, 'Camera trước', '28 MP'),
(907, 189, 'Thương hiệu', 'Sam sung'),
(908, 189, 'Pin', '8500 mAh'),
(909, 190, 'Hệ điều hành', 'Android'),
(910, 190, 'Camera trước', '50 MP'),
(911, 189, 'Ram', '16 GB'),
(912, 189, 'Camera sau', 'Chính 50 MP & Phụ 8 MP, 2 MP, 2 MP'),
(913, 189, 'Hệ điều hành', 'Android'),
(914, 189, 'Bộ nhớ lưu trữ', '256 GB'),
(915, 190, 'Kích thước màn hình', 'OLED6.7 Super Retina XDR'),
(916, 190, 'Bộ nhớ lưu trữ', '64 GB'),
(917, 190, 'Ram', '8 GB'),
(918, 190, 'Camera sau', 'Chính 50 MP & Phụ 12 MP, 10 MP'),
(919, 190, 'Pin', '9050 mAh'),
(920, 190, 'Thương hiệu', 'Sam sung'),
(921, 191, 'Kích thước màn hình', 'OLED6.1 Super Retina XDR'),
(922, 191, 'Hệ điều hành', 'Android'),
(923, 191, 'Camera trước', '28 MP'),
(924, 191, 'Camera sau', 'Chính 50 MP & Phụ 12 MP, 10 MP'),
(925, 192, 'Hệ điều hành', 'IOS'),
(926, 192, 'Camera trước', '28 MP'),
(927, 191, 'Ram', '12 GB'),
(928, 191, 'Thương hiệu', 'Xiami'),
(929, 191, 'Pin', '3240 mAh'),
(930, 192, 'Ram', '4 GB'),
(931, 192, 'Camera sau', 'Chính 50 MP & Phụ 12 MP, 10 MP'),
(932, 191, 'Bộ nhớ lưu trữ', '1 TB'),
(933, 192, 'Bộ nhớ lưu trữ', '512 GB'),
(934, 192, 'Pin', '4500 mAh'),
(935, 192, 'Kích thước màn hình', 'OLED6.7 Super Retina XDR'),
(936, 192, 'Thương hiệu', 'Apple'),
(937, 193, 'Pin', '8500 mAh'),
(938, 193, 'Hệ điều hành', 'Android'),
(939, 193, 'Ram', '12 GB'),
(940, 193, 'Bộ nhớ lưu trữ', '512 GB'),
(941, 193, 'Kích thước màn hình', 'AMOLED6.43 Full HD'),
(942, 193, 'Camera sau', '2 camera 12 MP'),
(943, 193, 'Camera trước', '20 MP'),
(944, 193, 'Thương hiệu', 'Sam sung'),
(945, 194, 'Kích thước màn hình', 'Dynamic AMOLED 2XChính 7.6 & Phụ 6.2 Full HD+'),
(946, 194, 'Camera sau', 'Chính 50 MP & Phụ 8 MP, 2 MP, 2 MP'),
(947, 194, 'Camera trước', '50 MP'),
(948, 194, 'Ram', '8 GB'),
(949, 194, 'Bộ nhớ lưu trữ', '64 GB'),
(950, 194, 'Pin', '4500 mAh'),
(951, 194, 'Hệ điều hành', 'Android'),
(952, 195, 'Ram', '16 GB'),
(953, 195, 'Camera sau', '2 camera 12 MP'),
(954, 195, 'Pin', '5500 mAh'),
(955, 195, 'Bộ nhớ lưu trữ', '128 GB'),
(956, 195, 'Thương hiệu', 'Sam sung'),
(957, 194, 'Thương hiệu', 'Sam sung'),
(958, 196, 'Hệ điều hành', 'IOS'),
(959, 196, 'Camera trước', '20 MP'),
(960, 196, 'Kích thước màn hình', 'IPS LCD6.51 HD+'),
(961, 195, 'Hệ điều hành', 'Android'),
(962, 195, 'Camera trước', '12 MP'),
(963, 195, 'Kích thước màn hình', 'OLED6.7 Super Retina XDR'),
(964, 196, 'Camera sau', '2 camera 12 MP'),
(965, 196, 'Bộ nhớ lưu trữ', '1 TB'),
(966, 196, 'Pin', '3240 mAh'),
(967, 196, 'Thương hiệu', 'Apple'),
(968, 197, 'Kích thước màn hình', 'OLED6.1 Super Retina XDR'),
(969, 197, 'Hệ điều hành', 'IOS'),
(970, 196, 'Ram', '12 GB'),
(971, 197, 'Camera trước', '50 MP'),
(972, 198, 'Kích thước màn hình', 'AMOLED6.7 Full HD+'),
(973, 197, 'Thương hiệu', 'Apple'),
(974, 198, 'Hệ điều hành', 'IOS'),
(975, 198, 'Camera trước', '50 MP'),
(976, 198, 'Camera sau', '3 camera 12 MP'),
(977, 197, 'Camera sau', '2 camera 12 MP'),
(978, 197, 'Bộ nhớ lưu trữ', '128 GB'),
(979, 197, 'Ram', '16 GB'),
(980, 198, 'Ram', '4 GB'),
(981, 198, 'Thương hiệu', 'Apple'),
(982, 198, 'Bộ nhớ lưu trữ', '1 TB'),
(983, 198, 'Pin', '3240 mAh'),
(984, 197, 'Pin', '9050 mAh'),
(985, 199, 'Hệ điều hành', 'IOS'),
(986, 199, 'Camera sau', 'Chính 50 MP & Phụ 8 MP, 2 MP, 2 MP'),
(987, 199, 'Camera trước', '50 MP'),
(988, 199, 'Ram', '4 GB'),
(989, 199, 'Bộ nhớ lưu trữ', '128 GB'),
(990, 199, 'Kích thước màn hình', 'AMOLED6.7 Full HD+'),
(991, 199, 'Pin', '3240 mAh'),
(992, 200, 'Ram', '8 GB'),
(993, 200, 'Camera trước', '28 MP'),
(994, 200, 'Bộ nhớ lưu trữ', '64 GB'),
(995, 200, 'Camera sau', '2 camera 12 MP'),
(996, 199, 'Thương hiệu', 'Apple'),
(997, 200, 'Thương hiệu', 'Apple'),
(998, 200, 'Hệ điều hành', 'IOS'),
(999, 200, 'Kích thước màn hình', 'AMOLED6.67 1.5K'),
(1000, 201, 'Hệ điều hành', 'IOS'),
(1001, 200, 'Pin', '9050 mAh'),
(1002, 201, 'Kích thước màn hình', 'Dynamic AMOLED 2X Chính 7.6 & Phụ 6.2 Quad HD+ (2K+)'),
(1003, 201, 'Camera trước', '28 MP'),
(1004, 201, 'Camera sau', '2 camera 12 MP'),
(1005, 201, 'Bộ nhớ lưu trữ', '64 GB'),
(1006, 201, 'Thương hiệu', 'Apple'),
(1007, 202, 'Hệ điều hành', 'IOS'),
(1008, 202, 'Kích thước màn hình', 'AMOLED6.7 Full HD+'),
(1009, 201, 'Pin', '8500 mAh'),
(1010, 201, 'Ram', '16 GB'),
(1011, 202, 'Camera sau', 'Chính 50 MP & Phụ 8 MP, 2 MP, 2 MP'),
(1012, 202, 'Thương hiệu', 'Apple'),
(1013, 203, 'Camera trước', '22 MP'),
(1014, 203, 'Kích thước màn hình', 'AMOLED6.67 1.5K'),
(1015, 203, 'Hệ điều hành', 'IOS'),
(1016, 202, 'Bộ nhớ lưu trữ', '512 GB'),
(1017, 202, 'Ram', '4 GB'),
(1018, 202, 'Camera trước', '12 MP'),
(1019, 203, 'Camera sau', '3 camera 12 MP'),
(1020, 203, 'Pin', '8500 mAh'),
(1021, 203, 'Ram', '4 GB'),
(1022, 202, 'Pin', '9050 mAh'),
(1023, 203, 'Bộ nhớ lưu trữ', '256 GB'),
(1024, 203, 'Thương hiệu', 'Apple'),
(1025, 204, 'Hệ điều hành', 'Android'),
(1026, 204, 'Kích thước màn hình', 'PLS TFT LCD6.6 Full HD+'),
(1027, 204, 'Camera trước', '22 MP'),
(1028, 204, 'Camera sau', '2 camera 12 MP'),
(1029, 204, 'Ram', '12 GB'),
(1030, 204, 'Bộ nhớ lưu trữ', '1 TB'),
(1031, 205, 'Camera trước', '50 MP'),
(1032, 205, 'Ram', '8 GB'),
(1033, 205, 'Camera sau', 'Chính 50 MP & Phụ 12 MP, 10 MP'),
(1034, 204, 'Pin', '6408 mAh'),
(1035, 204, 'Thương hiệu', 'Xiami'),
(1036, 205, 'Kích thước màn hình', 'AMOLED6.43 Full HD'),
(1037, 205, 'Pin', '5500 mAh'),
(1038, 205, 'Bộ nhớ lưu trữ', '256 GB'),
(1039, 205, 'Hệ điều hành', 'IOS'),
(1040, 205, 'Thương hiệu', 'Apple'),
(1041, 206, 'Camera trước', '28 MP'),
(1042, 206, 'Ram', '4 GB'),
(1043, 206, 'Camera sau', 'Chính 50 MP & Phụ 8 MP, 2 MP, 2 MP'),
(1044, 206, 'Hệ điều hành', 'IOS'),
(1045, 206, 'Bộ nhớ lưu trữ', '512 GB'),
(1046, 206, 'Kích thước màn hình', 'AMOLED6.43 Full HD'),
(1047, 206, 'Thương hiệu', 'Apple'),
(1048, 207, 'Camera trước', '50 MP'),
(1049, 207, 'Hệ điều hành', 'Android'),
(1050, 207, 'Kích thước màn hình', 'AMOLED6.67 1.5K'),
(1051, 207, 'Pin', '4500 mAh'),
(1052, 206, 'Pin', '4500 mAh'),
(1053, 208, 'Camera trước', '50 MP'),
(1054, 208, 'Kích thước màn hình', 'Dynamic AMOLED 2X6.8 Quad HD+ (2K+)'),
(1055, 207, 'Ram', '12 GB'),
(1056, 207, 'Thương hiệu', 'Xiami'),
(1057, 208, 'Hệ điều hành', 'Android'),
(1058, 207, 'Camera sau', '3 camera 12 MP'),
(1059, 207, 'Bộ nhớ lưu trữ', '512 GB'),
(1060, 208, 'Camera sau', '3 camera 12 MP'),
(1061, 208, 'Pin', '8500 mAh'),
(1062, 208, 'Thương hiệu', 'Sam sung'),
(1063, 208, 'Bộ nhớ lưu trữ', '512 GB'),
(1064, 209, 'Kích thước màn hình', 'AMOLED6.43 Full HD'),
(1065, 208, 'Ram', '16 GB'),
(1066, 209, 'Camera trước', '12 MP'),
(1067, 209, 'Hệ điều hành', 'IOS'),
(1068, 209, 'Thương hiệu', 'Apple'),
(1069, 209, 'Pin', '3240 mAh'),
(1070, 210, 'Kích thước màn hình', 'AMOLED6.43 Full HD'),
(1071, 210, 'Hệ điều hành', 'Android'),
(1072, 210, 'Camera trước', '22 MP'),
(1073, 209, 'Ram', '8 GB'),
(1074, 209, 'Camera sau', '2 camera 12 MP'),
(1075, 210, 'Ram', '16 GB'),
(1076, 210, 'Camera sau', '2 camera 12 MP'),
(1077, 210, 'Bộ nhớ lưu trữ', '1 TB'),
(1078, 209, 'Bộ nhớ lưu trữ', '128 GB'),
(1079, 210, 'Pin', '4500 mAh'),
(1080, 211, 'Kích thước màn hình', 'OLED6.7 Super Retina XDR'),
(1081, 211, 'Camera sau', '3 camera 12 MP'),
(1082, 211, 'Camera trước', '20 MP'),
(1083, 211, 'Ram', '8 GB'),
(1084, 211, 'Bộ nhớ lưu trữ', '128 GB'),
(1085, 210, 'Thương hiệu', 'Sam sung'),
(1086, 212, 'Kích thước màn hình', 'Dynamic AMOLED 2X Chính 7.6 & Phụ 6.2 Quad HD+ (2K+)'),
(1087, 211, 'Hệ điều hành', 'Android'),
(1088, 212, 'Camera sau', '3 camera 12 MP'),
(1089, 212, 'Ram', '12 GB'),
(1090, 212, 'Bộ nhớ lưu trữ', '1 TB'),
(1091, 212, 'Camera trước', '12 MP'),
(1092, 211, 'Pin', '9050 mAh'),
(1093, 211, 'Thương hiệu', 'Xiami'),
(1094, 212, 'Pin', '6408 mAh'),
(1095, 212, 'Hệ điều hành', 'Android'),
(1096, 213, 'Kích thước màn hình', 'Dynamic AMOLED 2X6.8 Quad HD+ (2K+)'),
(1097, 213, 'Camera sau', '2 camera 12 MP'),
(1098, 213, 'Hệ điều hành', 'Android'),
(1099, 213, 'Camera trước', '28 MP'),
(1100, 213, 'Bộ nhớ lưu trữ', '1 TB'),
(1101, 212, 'Thương hiệu', 'Sam sung'),
(1102, 213, 'Thương hiệu', 'Sam sung'),
(1103, 213, 'Pin', '5500 mAh'),
(1104, 214, 'Kích thước màn hình', 'AMOLED6.67 1.5K'),
(1105, 214, 'Hệ điều hành', 'Android'),
(1106, 213, 'Ram', '4 GB'),
(1107, 214, 'Bộ nhớ lưu trữ', '256 GB'),
(1108, 214, 'Pin', '6408 mAh'),
(1109, 214, 'Camera sau', '2 camera 12 MP'),
(1110, 214, 'Thương hiệu', 'Sam sung'),
(1111, 214, 'Camera trước', '12 MP'),
(1112, 214, 'Ram', '4 GB'),
(1113, 215, 'Camera trước', '28 MP'),
(1114, 215, 'Kích thước màn hình', 'OLED6.1 Super Retina XDR'),
(1115, 215, 'Hệ điều hành', 'Android'),
(1116, 215, 'Pin', '4500 mAh'),
(1117, 215, 'Bộ nhớ lưu trữ', '256 GB'),
(1118, 216, 'Kích thước màn hình', 'OLED6.1 Super Retina XDR'),
(1119, 215, 'Thương hiệu', 'Xiami'),
(1120, 215, 'Camera sau', '2 camera 12 MP'),
(1121, 215, 'Ram', '8 GB'),
(1122, 216, 'Hệ điều hành', 'IOS'),
(1123, 216, 'Pin', '4500 mAh'),
(1124, 216, 'Camera trước', '50 MP'),
(1125, 217, 'Kích thước màn hình', 'OLED6.1 Super Retina XDR'),
(1126, 216, 'Ram', '12 GB'),
(1127, 216, 'Camera sau', 'Chính 50 MP & Phụ 12 MP, 10 MP'),
(1128, 216, 'Thương hiệu', 'Apple'),
(1129, 217, 'Hệ điều hành', 'Android'),
(1130, 217, 'Camera trước', '12 MP'),
(1131, 217, 'Bộ nhớ lưu trữ', '1 TB'),
(1132, 217, 'Pin', '3240 mAh'),
(1133, 217, 'Thương hiệu', 'Sam sung'),
(1134, 217, 'Ram', '4 GB'),
(1135, 218, 'Hệ điều hành', 'Android'),
(1136, 217, 'Camera sau', 'Chính 50 MP & Phụ 12 MP, 10 MP'),
(1137, 218, 'Bộ nhớ lưu trữ', '64 GB'),
(1138, 218, 'Ram', '4 GB'),
(1139, 218, 'Pin', '8500 mAh'),
(1140, 218, 'Kích thước màn hình', 'OLED6.7 Super Retina XDR'),
(1141, 218, 'Thương hiệu', 'Xiami'),
(1142, 216, 'Bộ nhớ lưu trữ', '128 GB'),
(1143, 218, 'Camera sau', '2 camera 12 MP'),
(1144, 218, 'Camera trước', '12 MP'),
(1145, 219, 'Kích thước màn hình', 'Dynamic AMOLED 2X Chính 7.6 & Phụ 6.2 Quad HD+ (2K+)'),
(1146, 219, 'Hệ điều hành', 'Android'),
(1147, 219, 'Camera trước', '50 MP'),
(1148, 219, 'Pin', '9050 mAh'),
(1149, 219, 'Bộ nhớ lưu trữ', '512 GB'),
(1150, 219, 'Camera sau', '2 camera 12 MP'),
(1151, 220, 'Kích thước màn hình', 'OLED6.1 Super Retina XDR'),
(1152, 219, 'Thương hiệu', 'Xiami'),
(1153, 220, 'Hệ điều hành', 'IOS'),
(1154, 219, 'Ram', '16 GB'),
(1155, 220, 'Camera sau', 'Chính 50 MP & Phụ 8 MP, 2 MP, 2 MP'),
(1156, 220, 'Ram', '8 GB'),
(1157, 220, 'Camera trước', '12 MP'),
(1158, 221, 'Kích thước màn hình', 'OLED6.1 Super Retina XDR'),
(1159, 220, 'Thương hiệu', 'Apple'),
(1160, 221, 'Hệ điều hành', 'IOS'),
(1161, 221, 'Camera trước', '50 MP'),
(1162, 221, 'Camera sau', 'Chính 50 MP & Phụ 12 MP, 10 MP'),
(1163, 220, 'Pin', '5500 mAh'),
(1164, 220, 'Bộ nhớ lưu trữ', '512 GB'),
(1165, 221, 'Pin', '3240 mAh'),
(1166, 221, 'Bộ nhớ lưu trữ', '256 GB'),
(1167, 221, 'Ram', '12 GB'),
(1168, 222, 'Camera trước', '50 MP'),
(1169, 222, 'Hệ điều hành', 'Android'),
(1170, 221, 'Thương hiệu', 'Apple'),
(1171, 222, 'Bộ nhớ lưu trữ', '64 GB'),
(1172, 222, 'Ram', '4 GB'),
(1173, 222, 'Pin', '5500 mAh'),
(1174, 222, 'Kích thước màn hình', 'Dynamic AMOLED 2X6.8 Quad HD+ (2K+)'),
(1175, 223, 'Camera trước', '50 MP'),
(1176, 223, 'Hệ điều hành', 'Android'),
(1177, 223, 'Bộ nhớ lưu trữ', '1 TB'),
(1178, 223, 'Camera sau', '2 camera 12 MP'),
(1179, 222, 'Camera sau', '2 camera 12 MP'),
(1180, 223, 'Ram', '8 GB'),
(1181, 223, 'Kích thước màn hình', 'OLED6.1 Super Retina XDR'),
(1182, 223, 'Pin', '6408 mAh'),
(1183, 222, 'Thương hiệu', 'Xiami'),
(1184, 223, 'Thương hiệu', 'Sam sung'),
(1185, 224, 'Camera trước', '28 MP'),
(1186, 224, 'Hệ điều hành', 'IOS'),
(1187, 224, 'Camera sau', '3 camera 12 MP'),
(1188, 224, 'Pin', '8500 mAh'),
(1189, 224, 'Bộ nhớ lưu trữ', '128 GB'),
(1190, 224, 'Kích thước màn hình', 'OLED6.1 Super Retina XDR'),
(1191, 225, 'Hệ điều hành', 'Android'),
(1192, 225, 'Camera trước', '28 MP'),
(1193, 225, 'Kích thước màn hình', 'AMOLED6.67 1.5K'),
(1194, 224, 'Ram', '12 GB'),
(1195, 225, 'Bộ nhớ lưu trữ', '128 GB'),
(1196, 225, 'Pin', '4500 mAh'),
(1197, 224, 'Thương hiệu', 'Apple'),
(1198, 225, 'Ram', '8 GB'),
(1199, 226, 'Kích thước màn hình', 'Dynamic AMOLED 2XChính 7.6 & Phụ 6.2 Full HD+'),
(1200, 226, 'Camera trước', '20 MP'),
(1201, 226, 'Camera sau', 'Chính 50 MP & Phụ 12 MP, 10 MP'),
(1202, 225, 'Thương hiệu', 'Sam sung'),
(1203, 226, 'Hệ điều hành', 'Android'),
(1204, 225, 'Camera sau', '2 camera 12 MP'),
(1205, 226, 'Thương hiệu', 'Xiami'),
(1206, 226, 'Pin', '5500 mAh'),
(1207, 227, 'Hệ điều hành', 'Android'),
(1208, 227, 'Camera trước', '20 MP'),
(1209, 227, 'Kích thước màn hình', 'OLED6.1 Super Retina XDR'),
(1210, 226, 'Ram', '4 GB'),
(1211, 226, 'Bộ nhớ lưu trữ', '512 GB'),
(1212, 227, 'Ram', '8 GB'),
(1213, 227, 'Thương hiệu', 'Sam sung'),
(1214, 227, 'Bộ nhớ lưu trữ', '128 GB'),
(1215, 227, 'Camera sau', 'Chính 50 MP & Phụ 8 MP, 2 MP, 2 MP'),
(1216, 228, 'Kích thước màn hình', 'PLS TFT LCD6.6 Full HD+'),
(1217, 227, 'Pin', '4500 mAh'),
(1218, 228, 'Hệ điều hành', 'IOS'),
(1219, 228, 'Camera trước', '12 MP'),
(1220, 228, 'Ram', '16 GB'),
(1221, 228, 'Camera sau', 'Chính 50 MP & Phụ 12 MP, 10 MP'),
(1222, 228, 'Thương hiệu', 'Apple'),
(1223, 228, 'Pin', '8500 mAh'),
(1224, 228, 'Bộ nhớ lưu trữ', '512 GB'),
(1225, 229, 'Bộ nhớ lưu trữ', '512 GB'),
(1226, 229, 'Kích thước màn hình', 'OLED6.1 Super Retina XDR'),
(1227, 229, 'Ram', '4 GB'),
(1228, 229, 'Thương hiệu', 'Apple'),
(1229, 229, 'Camera sau', 'Chính 50 MP & Phụ 12 MP, 10 MP'),
(1230, 229, 'Hệ điều hành', 'IOS'),
(1231, 229, 'Pin', '8500 mAh'),
(1232, 229, 'Camera trước', '22 MP'),
(1233, 230, 'Camera trước', '50 MP'),
(1234, 230, 'Camera sau', '3 camera 12 MP'),
(1235, 230, 'Hệ điều hành', 'IOS'),
(1236, 230, 'Ram', '8 GB'),
(1237, 230, 'Kích thước màn hình', 'AMOLEDChính 6.7'),
(1238, 230, 'Bộ nhớ lưu trữ', '512 GB'),
(1239, 230, 'Pin', '9050 mAh'),
(1240, 230, 'Thương hiệu', 'Apple'),
(1241, 231, 'Camera trước', '20 MP'),
(1242, 231, 'Pin', '8500 mAh'),
(1243, 231, 'Kích thước màn hình', 'Dynamic AMOLED 2X6.8 Quad HD+ (2K+)'),
(1244, 231, 'Bộ nhớ lưu trữ', '512 GB'),
(1245, 231, 'Camera sau', 'Chính 50 MP & Phụ 12 MP, 10 MP'),
(1246, 231, 'Ram', '16 GB'),
(1247, 231, 'Hệ điều hành', 'Android'),
(1248, 232, 'Camera trước', '12 MP'),
(1249, 232, 'Bộ nhớ lưu trữ', '512 GB'),
(1250, 232, 'Camera sau', '2 camera 12 MP'),
(1251, 232, 'Ram', '8 GB'),
(1252, 232, 'Hệ điều hành', 'Android'),
(1253, 231, 'Thương hiệu', 'Sam sung'),
(1254, 232, 'Kích thước màn hình', 'AMOLED6.43 Full HD'),
(1255, 233, 'Kích thước màn hình', 'AMOLEDChính 6.7'),
(1256, 233, 'Ram', '12 GB'),
(1257, 232, 'Thương hiệu', 'Sam sung'),
(1258, 233, 'Camera trước', '12 MP'),
(1259, 233, 'Camera sau', '2 camera 12 MP'),
(1260, 232, 'Pin', '6408 mAh'),
(1261, 233, 'Hệ điều hành', 'IOS'),
(1262, 233, 'Bộ nhớ lưu trữ', '512 GB'),
(1263, 233, 'Thương hiệu', 'Apple'),
(1264, 233, 'Pin', '9050 mAh'),
(1265, 234, 'Kích thước màn hình', 'AMOLED6.43 Full HD'),
(1266, 234, 'Hệ điều hành', 'IOS'),
(1267, 234, 'Camera trước', '28 MP'),
(1268, 234, 'Bộ nhớ lưu trữ', '64 GB'),
(1269, 234, 'Ram', '8 GB'),
(1270, 234, 'Camera sau', 'Chính 50 MP & Phụ 8 MP, 2 MP, 2 MP'),
(1271, 234, 'Thương hiệu', 'Apple'),
(1272, 234, 'Pin', '3240 mAh'),
(1273, 235, 'Kích thước màn hình', 'Dynamic AMOLED 2XChính 7.6 & Phụ 6.2 Full HD+'),
(1274, 236, 'Hệ điều hành', 'Android'),
(1275, 235, 'Bộ nhớ lưu trữ', '256 GB'),
(1276, 235, 'Thương hiệu', 'Xiami'),
(1277, 235, 'Pin', '5500 mAh'),
(1278, 236, 'Kích thước màn hình', 'Dynamic AMOLED 2XChính 7.6 & Phụ 6.2 Full HD+'),
(1279, 236, 'Camera trước', '20 MP'),
(1280, 236, 'Ram', '12 GB'),
(1281, 236, 'Bộ nhớ lưu trữ', '512 GB'),
(1282, 236, 'Camera sau', 'Chính 50 MP & Phụ 8 MP, 2 MP, 2 MP'),
(1283, 236, 'Pin', '6408 mAh'),
(1284, 236, 'Thương hiệu', 'Xiami'),
(1285, 235, 'CPU', 'PentiumN60001.1GHz'),
(1286, 235, 'Ram', '4 GB'),
(1287, 235, 'Camera trước', '28 MP'),
(1288, 235, 'Hệ điều hành', 'Android'),
(1289, 235, 'Camera sau', '3 camera 12 MP'),
(1290, 237, 'Hệ điều hành', 'Android'),
(1291, 237, 'Kích thước màn hình', 'Dynamic AMOLED 2X6.8 Quad HD+ (2K+)'),
(1292, 237, 'Camera trước', '28 MP'),
(1293, 236, 'CPU', 'PentiumN60001.1GHz'),
(1294, 237, 'Camera sau', '2 camera 12 MP'),
(1295, 237, 'Ram', '16 GB'),
(1296, 237, 'Bộ nhớ lưu trữ', '64 GB'),
(1297, 237, 'Pin', '8500 mAh'),
(1298, 237, 'Thương hiệu', 'Xiami'),
(1299, 238, 'Ram', '8 GB'),
(1300, 237, 'CPU', 'PentiumN60001.1GHz'),
(1301, 238, 'Kích thước màn hình', 'AMOLED6.43 Full HD'),
(1302, 238, 'Hệ điều hành', 'Android'),
(1303, 238, 'Camera trước', '22 MP'),
(1304, 238, 'Camera sau', '2 camera 12 MP'),
(1305, 238, 'Bộ nhớ lưu trữ', '512 GB'),
(1306, 238, 'Thương hiệu', 'Xiami'),
(1307, 238, 'Pin', '3240 mAh'),
(1308, 238, 'CPU', 'PentiumN60001.1GHz'),
(1309, 239, 'Kích thước màn hình', 'AMOLED6.7 Full HD+'),
(1310, 239, 'Camera trước', '20 MP'),
(1311, 239, 'Hệ điều hành', 'Android'),
(1312, 239, 'Ram', '16 GB'),
(1313, 239, 'Camera sau', 'Chính 50 MP & Phụ 8 MP, 2 MP, 2 MP'),
(1314, 239, 'Pin', '5500 mAh'),
(1315, 240, 'Bộ nhớ lưu trữ', '256 GB'),
(1316, 240, 'Camera sau', 'Chính 50 MP & Phụ 8 MP, 2 MP, 2 MP'),
(1317, 240, 'Ram', '16 GB'),
(1318, 240, 'Camera trước', '28 MP'),
(1319, 239, 'Bộ nhớ lưu trữ', '128 GB'),
(1320, 239, 'Thương hiệu', 'Xiami'),
(1321, 239, 'CPU', 'PentiumN60001.1GHz'),
(1322, 240, 'Hệ điều hành', 'Android'),
(1323, 240, 'Kích thước màn hình', 'OLED6.1 Super Retina XDR'),
(1324, 240, 'Pin', '8500 mAh'),
(1325, 241, 'Kích thước màn hình', 'OLED6.1 Super Retina XDR'),
(1326, 241, 'Hệ điều hành', 'Android'),
(1327, 240, 'Thương hiệu', 'Xiami'),
(1328, 240, 'CPU', 'PentiumN60001.1GHz'),
(1329, 241, 'Camera trước', '50 MP'),
(1330, 242, 'Kích thước màn hình', 'Dynamic AMOLED 2XChính 7.6 & Phụ 6.2 Full HD+'),
(1331, 242, 'Hệ điều hành', 'Android'),
(1332, 242, 'Camera trước', '12 MP'),
(1333, 241, 'Thương hiệu', 'Xiami'),
(1334, 241, 'Camera sau', 'Chính 50 MP & Phụ 8 MP, 2 MP, 2 MP'),
(1335, 241, 'Ram', '16 GB'),
(1336, 241, 'Bộ nhớ lưu trữ', '512 GB'),
(1337, 241, 'CPU', 'Apple M1'),
(1338, 241, 'Pin', '6408 mAh'),
(1339, 242, 'Camera sau', 'Chính 50 MP & Phụ 8 MP, 2 MP, 2 MP'),
(1340, 242, 'Ram', '16 GB'),
(1341, 242, 'Bộ nhớ lưu trữ', '512 GB'),
(1342, 242, 'Thương hiệu', 'Xiami'),
(1343, 242, 'Pin', '5500 mAh'),
(1344, 242, 'CPU', 'PentiumN60001.1GHz'),
(1345, 243, 'Camera sau', '2 camera 12 MP'),
(1346, 243, 'Camera trước', '50 MP'),
(1347, 243, 'Pin', '4500 mAh'),
(1348, 243, 'Bộ nhớ lưu trữ', '1 TB'),
(1349, 244, 'Kích thước màn hình', 'AMOLED6.43 Full HD'),
(1350, 243, 'Kích thước màn hình', 'PLS TFT LCD6.6 Full HD+'),
(1351, 243, 'Hệ điều hành', 'Android'),
(1352, 243, 'Ram', '16 GB'),
(1353, 244, 'Hệ điều hành', 'Android'),
(1354, 244, 'Camera sau', 'Chính 50 MP & Phụ 12 MP, 10 MP'),
(1355, 244, 'Camera trước', '20 MP'),
(1356, 244, 'Ram', '4 GB'),
(1357, 243, 'Thương hiệu', 'Xiami'),
(1358, 243, 'CPU', 'Apple M1'),
(1359, 244, 'Bộ nhớ lưu trữ', '64 GB'),
(1360, 244, 'Thương hiệu', 'Xiami'),
(1361, 245, 'Kích thước màn hình', 'AMOLED6.67 1.5K'),
(1362, 244, 'CPU', 'Apple M1'),
(1363, 244, 'Pin', '6408 mAh'),
(1364, 245, 'Camera sau', 'Chính 50 MP & Phụ 12 MP, 10 MP'),
(1365, 246, 'Kích thước màn hình', 'AMOLEDChính 6.7'),
(1366, 245, 'CPU', 'Apple M1'),
(1367, 246, 'Hệ điều hành', 'Android'),
(1368, 245, 'Thương hiệu', 'Xiami'),
(1369, 245, 'Hệ điều hành', 'Android'),
(1370, 245, 'Camera trước', '50 MP'),
(1371, 245, 'Ram', '12 GB'),
(1372, 245, 'Bộ nhớ lưu trữ', '512 GB'),
(1373, 246, 'Camera trước', '20 MP'),
(1374, 245, 'Pin', '6408 mAh'),
(1375, 246, 'Ram', '16 GB'),
(1376, 246, 'Camera sau', '2 camera 12 MP'),
(1377, 246, 'Bộ nhớ lưu trữ', '512 GB'),
(1378, 246, 'Pin', '5500 mAh'),
(1379, 246, 'Thương hiệu', 'Xiami'),
(1380, 247, 'Camera trước', '50 MP'),
(1381, 247, 'Kích thước màn hình', 'Dynamic AMOLED 2X6.8 Quad HD+ (2K+)'),
(1382, 247, 'Hệ điều hành', 'Android'),
(1383, 247, 'Camera sau', 'Chính 50 MP & Phụ 8 MP, 2 MP, 2 MP'),
(1384, 246, 'CPU', 'Apple M1'),
(1385, 247, 'CPU', 'Apple M1'),
(1386, 248, 'Kích thước màn hình', 'AMOLEDChính 6.7'),
(1387, 247, 'Ram', '12 GB'),
(1388, 247, 'Pin', '5500 mAh'),
(1389, 247, 'Bộ nhớ lưu trữ', '128 GB'),
(1390, 248, 'Camera trước', '50 MP'),
(1391, 248, 'Hệ điều hành', 'Android'),
(1392, 247, 'Thương hiệu', 'Xiami'),
(1393, 248, 'Camera sau', '2 camera 12 MP'),
(1394, 248, 'Ram', '4 GB'),
(1395, 248, 'Bộ nhớ lưu trữ', '64 GB'),
(1396, 248, 'Thương hiệu', 'Xiami'),
(1397, 248, 'Pin', '9050 mAh'),
(1398, 248, 'CPU', 'Apple M1'),
(1399, 249, 'Camera sau', 'Chính 50 MP & Phụ 12 MP, 10 MP'),
(1400, 249, 'Pin', '3240 mAh'),
(1401, 249, 'Thương hiệu', 'Xiami'),
(1402, 249, 'CPU', 'Apple M1'),
(1403, 249, 'Kích thước màn hình', 'PLS TFT LCD6.6 Full HD+'),
(1404, 249, 'Hệ điều hành', 'Android'),
(1405, 249, 'Ram', '16 GB'),
(1406, 249, 'Camera trước', '22 MP'),
(1407, 249, 'Bộ nhớ lưu trữ', '64 GB');

-- --------------------------------------------------------

--
-- Table structure for table `streets`
--

CREATE TABLE `streets` (
  `idStreet` int(11) NOT NULL,
  `street` varchar(225) NOT NULL,
  `type` varchar(225) NOT NULL,
  `district_id` int(11) NOT NULL,
  `created_at` timestamp NULL DEFAULT NULL,
  `updated_at` timestamp NULL DEFAULT NULL
) ENGINE=InnoDB DEFAULT CHARSET=utf8mb4;

--
-- Dumping data for table `streets`
--

INSERT INTO `streets` (`idStreet`, `street`, `type`, `district_id`, `created_at`, `updated_at`) VALUES
(1, 'Phường Phúc Xá', 'Phường', 1, NULL, NULL),
(4, 'Phường Trúc Bạch', 'Phường', 1, NULL, NULL),
(6, 'Phường Vĩnh Phúc', 'Phường', 1, NULL, NULL),
(7, 'Phường Cống Vị', 'Phường', 1, NULL, NULL),
(8, 'Phường Liễu Giai', 'Phường', 1, NULL, NULL),
(10, 'Phường Nguyễn Trung Trực', 'Phường', 1, NULL, NULL),
(13, 'Phường Quán Thánh', 'Phường', 1, NULL, NULL),
(16, 'Phường Ngọc Hà', 'Phường', 1, NULL, NULL),
(19, 'Phường Điện Biên', 'Phường', 1, NULL, NULL),
(22, 'Phường Đội Cấn', 'Phường', 1, NULL, NULL),
(25, 'Phường Ngọc Khánh', 'Phường', 1, NULL, NULL),
(28, 'Phường Kim Mã', 'Phường', 1, NULL, NULL),
(31, 'Phường Giảng Võ', 'Phường', 1, NULL, NULL),
(34, 'Phường Thành Công', 'Phường', 1, NULL, NULL),
(37, 'Phường Phúc Tân', 'Phường', 2, NULL, NULL),
(40, 'Phường Đồng Xuân', 'Phường', 2, NULL, NULL),
(43, 'Phường Hàng Mã', 'Phường', 2, NULL, NULL),
(46, 'Phường Hàng Buồm', 'Phường', 2, NULL, NULL),
(49, 'Phường Hàng Đào', 'Phường', 2, NULL, NULL),
(52, 'Phường Hàng Bồ', 'Phường', 2, NULL, NULL),
(55, 'Phường Cửa Đông', 'Phường', 2, NULL, NULL),
(58, 'Phường Lý Thái Tổ', 'Phường', 2, NULL, NULL),
(61, 'Phường Hàng Bạc', 'Phường', 2, NULL, NULL),
(64, 'Phường Hàng Gai', 'Phường', 2, NULL, NULL),
(67, 'Phường Chương Dương Độ', 'Phường', 2, NULL, NULL),
(70, 'Phường Hàng Trống', 'Phường', 2, NULL, NULL),
(73, 'Phường Cửa Nam', 'Phường', 2, NULL, NULL),
(76, 'Phường Hàng Bông', 'Phường', 2, NULL, NULL),
(79, 'Phường Tràng Tiền', 'Phường', 2, NULL, NULL),
(82, 'Phường Trần Hưng Đạo', 'Phường', 2, NULL, NULL),
(85, 'Phường Phan Chu Trinh', 'Phường', 2, NULL, NULL),
(88, 'Phường Hàng Bài', 'Phường', 2, NULL, NULL),
(91, 'Phường Phú Thượng', 'Phường', 3, NULL, NULL),
(94, 'Phường Nhật Tân', 'Phường', 3, NULL, NULL),
(97, 'Phường Tứ Liên', 'Phường', 3, NULL, NULL),
(100, 'Phường Quảng An', 'Phường', 3, NULL, NULL),
(103, 'Phường Xuân La', 'Phường', 3, NULL, NULL),
(106, 'Phường Yên Phụ', 'Phường', 3, NULL, NULL),
(109, 'Phường Bưởi', 'Phường', 3, NULL, NULL),
(112, 'Phường Thụy Khuê', 'Phường', 3, NULL, NULL),
(115, 'Phường Thượng Thanh', 'Phường', 4, NULL, NULL),
(118, 'Phường Ngọc Thụy', 'Phường', 4, NULL, NULL),
(121, 'Phường Giang Biên', 'Phường', 4, NULL, NULL),
(124, 'Phường Đức Giang', 'Phường', 4, NULL, NULL),
(127, 'Phường Việt Hưng', 'Phường', 4, NULL, NULL),
(130, 'Phường Gia Thụy', 'Phường', 4, NULL, NULL),
(133, 'Phường Ngọc Lâm', 'Phường', 4, NULL, NULL),
(136, 'Phường Phúc Lợi', 'Phường', 4, NULL, NULL),
(139, 'Phường Bồ Đề', 'Phường', 4, NULL, NULL),
(142, 'Phường Sài Đồng', 'Phường', 4, NULL, NULL),
(145, 'Phường Long Biên', 'Phường', 4, NULL, NULL),
(148, 'Phường Thạch Bàn', 'Phường', 4, NULL, NULL),
(151, 'Phường Phúc Đồng', 'Phường', 4, NULL, NULL),
(154, 'Phường Cự Khối', 'Phường', 4, NULL, NULL),
(157, 'Phường Nghĩa Đô', 'Phường', 5, NULL, NULL),
(160, 'Phường Nghĩa Tân', 'Phường', 5, NULL, NULL),
(163, 'Phường Mai Dịch', 'Phường', 5, NULL, NULL),
(166, 'Phường Dịch Vọng', 'Phường', 5, NULL, NULL),
(167, 'Phường Dịch Vọng Hậu', 'Phường', 5, NULL, NULL),
(169, 'Phường Quan Hoa', 'Phường', 5, NULL, NULL),
(172, 'Phường Yên Hoà', 'Phường', 5, NULL, NULL),
(175, 'Phường Trung Hoà', 'Phường', 5, NULL, NULL),
(178, 'Phường Cát Linh', 'Phường', 6, NULL, NULL),
(181, 'Phường Văn Miếu', 'Phường', 6, NULL, NULL),
(184, 'Phường Quốc Tử Giám', 'Phường', 6, NULL, NULL),
(187, 'Phường Láng Thượng', 'Phường', 6, NULL, NULL),
(190, 'Phường Ô Chợ Dừa', 'Phường', 6, NULL, NULL),
(193, 'Phường Văn Chương', 'Phường', 6, NULL, NULL),
(196, 'Phường Hàng Bột', 'Phường', 6, NULL, NULL),
(199, 'Phường Láng Hạ', 'Phường', 6, NULL, NULL),
(202, 'Phường Khâm Thiên', 'Phường', 6, NULL, NULL),
(205, 'Phường Thổ Quan', 'Phường', 6, NULL, NULL),
(208, 'Phường Nam Đồng', 'Phường', 6, NULL, NULL),
(211, 'Phường Trung Phụng', 'Phường', 6, NULL, NULL),
(214, 'Phường Quang Trung', 'Phường', 6, NULL, NULL),
(217, 'Phường Trung Liệt', 'Phường', 6, NULL, NULL),
(220, 'Phường Phương Liên', 'Phường', 6, NULL, NULL),
(223, 'Phường Thịnh Quang', 'Phường', 6, NULL, NULL),
(226, 'Phường Trung Tự', 'Phường', 6, NULL, NULL),
(229, 'Phường Kim Liên', 'Phường', 6, NULL, NULL),
(232, 'Phường Phương Mai', 'Phường', 6, NULL, NULL),
(235, 'Phường Ngã Tư Sở', 'Phường', 6, NULL, NULL),
(238, 'Phường Khương Thượng', 'Phường', 6, NULL, NULL),
(241, 'Phường Nguyễn Du', 'Phường', 7, NULL, NULL),
(244, 'Phường Bạch Đằng', 'Phường', 7, NULL, NULL),
(247, 'Phường Phạm Đình Hổ', 'Phường', 7, NULL, NULL),
(250, 'Phường Bùi Thị Xuân', 'Phường', 7, NULL, NULL),
(253, 'Phường Ngô Thì Nhậm', 'Phường', 7, NULL, NULL),
(256, 'Phường Lê Đại Hành', 'Phường', 7, NULL, NULL),
(259, 'Phường Đồng Nhân', 'Phường', 7, NULL, NULL),
(262, 'Phường Phố Huế', 'Phường', 7, NULL, NULL),
(265, 'Phường Đống Mác', 'Phường', 7, NULL, NULL),
(268, 'Phường Thanh Lương', 'Phường', 7, NULL, NULL),
(271, 'Phường Thanh Nhàn', 'Phường', 7, NULL, NULL),
(274, 'Phường Cầu Dền', 'Phường', 7, NULL, NULL),
(277, 'Phường Bách Khoa', 'Phường', 7, NULL, NULL),
(280, 'Phường Đồng Tâm', 'Phường', 7, NULL, NULL),
(283, 'Phường Vĩnh Tuy', 'Phường', 7, NULL, NULL),
(286, 'Phường Bạch Mai', 'Phường', 7, NULL, NULL),
(289, 'Phường Quỳnh Mai', 'Phường', 7, NULL, NULL),
(292, 'Phường Quỳnh Lôi', 'Phường', 7, NULL, NULL),
(295, 'Phường Minh Khai', 'Phường', 7, NULL, NULL),
(298, 'Phường Trương Định', 'Phường', 7, NULL, NULL),
(301, 'Phường Thanh Trì', 'Phường', 8, NULL, NULL),
(304, 'Phường Vĩnh Hưng', 'Phường', 8, NULL, NULL),
(307, 'Phường Định Công', 'Phường', 8, NULL, NULL),
(310, 'Phường Mai Động', 'Phường', 8, NULL, NULL),
(313, 'Phường Tương Mai', 'Phường', 8, NULL, NULL),
(316, 'Phường Đại Kim', 'Phường', 8, NULL, NULL),
(319, 'Phường Tân Mai', 'Phường', 8, NULL, NULL),
(322, 'Phường Hoàng Văn Thụ', 'Phường', 8, NULL, NULL),
(325, 'Phường Giáp Bát', 'Phường', 8, NULL, NULL),
(328, 'Phường Lĩnh Nam', 'Phường', 8, NULL, NULL),
(331, 'Phường Thịnh Liệt', 'Phường', 8, NULL, NULL),
(334, 'Phường Trần Phú', 'Phường', 8, NULL, NULL),
(337, 'Phường Hoàng Liệt', 'Phường', 8, NULL, NULL),
(340, 'Phường Yên Sở', 'Phường', 8, NULL, NULL),
(343, 'Phường Nhân Chính', 'Phường', 9, NULL, NULL),
(346, 'Phường Thượng Đình', 'Phường', 9, NULL, NULL),
(349, 'Phường Khương Trung', 'Phường', 9, NULL, NULL),
(352, 'Phường Khương Mai', 'Phường', 9, NULL, NULL),
(355, 'Phường Thanh Xuân Trung', 'Phường', 9, NULL, NULL),
(358, 'Phường Phương Liệt', 'Phường', 9, NULL, NULL),
(361, 'Phường Hạ Đình', 'Phường', 9, NULL, NULL),
(364, 'Phường Khương Đình', 'Phường', 9, NULL, NULL),
(367, 'Phường Thanh Xuân Bắc', 'Phường', 9, NULL, NULL),
(370, 'Phường Thanh Xuân Nam', 'Phường', 9, NULL, NULL),
(373, 'Phường Kim Giang', 'Phường', 9, NULL, NULL),
(376, 'Thị trấn Sóc Sơn', 'Thị trấn', 16, NULL, NULL),
(379, 'Xã Bắc Sơn', 'Xã', 16, NULL, NULL),
(382, 'Xã Minh Trí', 'Xã', 16, NULL, NULL),
(385, 'Xã Hồng Kỳ', 'Xã', 16, NULL, NULL),
(388, 'Xã Nam Sơn', 'Xã', 16, NULL, NULL),
(391, 'Xã Trung Giã', 'Xã', 16, NULL, NULL),
(394, 'Xã Tân Hưng', 'Xã', 16, NULL, NULL),
(397, 'Xã Minh Phú', 'Xã', 16, NULL, NULL),
(400, 'Xã Phù Linh', 'Xã', 16, NULL, NULL),
(403, 'Xã Bắc Phú', 'Xã', 16, NULL, NULL),
(406, 'Xã Tân Minh', 'Xã', 16, NULL, NULL),
(409, 'Xã Quang Tiến', 'Xã', 16, NULL, NULL),
(412, 'Xã Hiền Ninh', 'Xã', 16, NULL, NULL),
(415, 'Xã Tân Dân', 'Xã', 16, NULL, NULL),
(418, 'Xã Tiên Dược', 'Xã', 16, NULL, NULL),
(421, 'Xã Việt Long', 'Xã', 16, NULL, NULL),
(424, 'Xã Xuân Giang', 'Xã', 16, NULL, NULL),
(427, 'Xã Mai Đình', 'Xã', 16, NULL, NULL),
(430, 'Xã Đức Hoà', 'Xã', 16, NULL, NULL),
(433, 'Xã Thanh Xuân', 'Xã', 16, NULL, NULL),
(436, 'Xã Đông Xuân', 'Xã', 16, NULL, NULL),
(439, 'Xã Kim Lũ', 'Xã', 16, NULL, NULL),
(442, 'Xã Phú Cường', 'Xã', 16, NULL, NULL),
(445, 'Xã Phú Minh', 'Xã', 16, NULL, NULL),
(448, 'Xã Phù Lỗ', 'Xã', 16, NULL, NULL),
(451, 'Xã Xuân Thu', 'Xã', 16, NULL, NULL),
(454, 'Thị trấn Đông Anh', 'Thị trấn', 17, NULL, NULL),
(457, 'Xã Xuân Nộn', 'Xã', 17, NULL, NULL),
(460, 'Xã Thuỵ Lâm', 'Xã', 17, NULL, NULL),
(463, 'Xã Bắc Hồng', 'Xã', 17, NULL, NULL),
(466, 'Xã Nguyên Khê', 'Xã', 17, NULL, NULL),
(469, 'Xã Nam Hồng', 'Xã', 17, NULL, NULL),
(472, 'Xã Tiên Dương', 'Xã', 17, NULL, NULL),
(475, 'Xã Vân Hà', 'Xã', 17, NULL, NULL),
(478, 'Xã Uy Nỗ', 'Xã', 17, NULL, NULL),
(481, 'Xã Vân Nội', 'Xã', 17, NULL, NULL),
(484, 'Xã Liên Hà', 'Xã', 17, NULL, NULL),
(487, 'Xã Việt Hùng', 'Xã', 17, NULL, NULL),
(490, 'Xã Kim Nỗ', 'Xã', 17, NULL, NULL),
(493, 'Xã Kim Chung', 'Xã', 17, NULL, NULL),
(496, 'Xã Dục Tú', 'Xã', 17, NULL, NULL),
(499, 'Xã Đại Mạch', 'Xã', 17, NULL, NULL),
(502, 'Xã Vĩnh Ngọc', 'Xã', 17, NULL, NULL),
(505, 'Xã Cổ Loa', 'Xã', 17, NULL, NULL),
(508, 'Xã Hải Bối', 'Xã', 17, NULL, NULL),
(511, 'Xã Xuân Canh', 'Xã', 17, NULL, NULL),
(514, 'Xã Võng La', 'Xã', 17, NULL, NULL),
(517, 'Xã Tầm Xá', 'Xã', 17, NULL, NULL),
(520, 'Xã Mai Lâm', 'Xã', 17, NULL, NULL),
(523, 'Xã Đông Hội', 'Xã', 17, NULL, NULL),
(526, 'Thị trấn Yên Viên', 'Thị trấn', 18, NULL, NULL),
(529, 'Xã Yên Thường', 'Xã', 18, NULL, NULL),
(532, 'Xã Yên Viên', 'Xã', 18, NULL, NULL),
(535, 'Xã Ninh Hiệp', 'Xã', 18, NULL, NULL),
(538, 'Xã Đình Xuyên', 'Xã', 18, NULL, NULL),
(541, 'Xã Dương Hà', 'Xã', 18, NULL, NULL),
(544, 'Xã Phù Đổng', 'Xã', 18, NULL, NULL),
(547, 'Xã Trung Mầu', 'Xã', 18, NULL, NULL),
(550, 'Xã Lệ Chi', 'Xã', 18, NULL, NULL),
(553, 'Xã Cổ Bi', 'Xã', 18, NULL, NULL),
(556, 'Xã Đặng Xá', 'Xã', 18, NULL, NULL),
(559, 'Xã Phú Thị', 'Xã', 18, NULL, NULL),
(562, 'Xã Kim Sơn', 'Xã', 18, NULL, NULL),
(565, 'Thị trấn Trâu Quỳ', 'Thị trấn', 18, NULL, NULL),
(568, 'Xã Dương Quang', 'Xã', 18, NULL, NULL),
(571, 'Xã Dương Xá', 'Xã', 18, NULL, NULL),
(574, 'Xã Đông Dư', 'Xã', 18, NULL, NULL),
(577, 'Xã Đa Tốn', 'Xã', 18, NULL, NULL),
(580, 'Xã Kiêu Kỵ', 'Xã', 18, NULL, NULL),
(583, 'Xã Bát Tràng', 'Xã', 18, NULL, NULL),
(586, 'Xã Kim Lan', 'Xã', 18, NULL, NULL),
(589, 'Xã Văn Đức', 'Xã', 18, NULL, NULL),
(592, 'Phường Cầu Diễn', 'Phường', 19, NULL, NULL),
(595, 'Phường Thượng Cát', 'Phường', 21, NULL, NULL),
(598, 'Phường Liên Mạc', 'Phường', 21, NULL, NULL),
(601, 'Phường Đông Ngạc', 'Phường', 21, NULL, NULL),
(602, 'Phường Đức Thắng', 'Phường', 21, NULL, NULL),
(604, 'Phường Thụy Phương', 'Phường', 21, NULL, NULL),
(607, 'Phường Tây Tựu', 'Phường', 21, NULL, NULL),
(610, 'Phường Xuân Đỉnh', 'Phường', 21, NULL, NULL),
(611, 'Phường Xuân Tảo', 'Phường', 21, NULL, NULL),
(613, 'Phường Minh Khai', 'Phường', 21, NULL, NULL),
(616, 'Phường Cổ Nhuế 1', 'Phường', 21, NULL, NULL),
(617, 'Phường Cổ Nhuế 2', 'Phường', 21, NULL, NULL),
(619, 'Phường Phú Diễn', 'Phường', 21, NULL, NULL),
(620, 'Phường Phúc Diễn', 'Phường', 21, NULL, NULL),
(622, 'Phường Xuân Phương', 'Phường', 19, NULL, NULL),
(623, 'Phường Phương Canh', 'Phường', 19, NULL, NULL),
(625, 'Phường Mỹ Đình 1', 'Phường', 19, NULL, NULL),
(626, 'Phường Mỹ Đình 2', 'Phường', 19, NULL, NULL),
(628, 'Phường Tây Mỗ', 'Phường', 19, NULL, NULL),
(631, 'Phường Mễ Trì', 'Phường', 19, NULL, NULL),
(632, 'Phường Phú Đô', 'Phường', 19, NULL, NULL),
(634, 'Phường Đại Mỗ', 'Phường', 19, NULL, NULL),
(637, 'Phường Trung Văn', 'Phường', 19, NULL, NULL),
(640, 'Thị trấn Văn Điển', 'Thị trấn', 20, NULL, NULL),
(643, 'Xã Tân Triều', 'Xã', 20, NULL, NULL),
(646, 'Xã Thanh Liệt', 'Xã', 20, NULL, NULL),
(649, 'Xã Tả Thanh Oai', 'Xã', 20, NULL, NULL),
(652, 'Xã Hữu Hoà', 'Xã', 20, NULL, NULL),
(655, 'Xã Tam Hiệp', 'Xã', 20, NULL, NULL),
(658, 'Xã Tứ Hiệp', 'Xã', 20, NULL, NULL),
(661, 'Xã Yên Mỹ', 'Xã', 20, NULL, NULL),
(664, 'Xã Vĩnh Quỳnh', 'Xã', 20, NULL, NULL),
(667, 'Xã Ngũ Hiệp', 'Xã', 20, NULL, NULL),
(670, 'Xã Duyên Hà', 'Xã', 20, NULL, NULL),
(673, 'Xã Ngọc Hồi', 'Xã', 20, NULL, NULL),
(676, 'Xã Vạn Phúc', 'Xã', 20, NULL, NULL),
(679, 'Xã Đại áng', 'Xã', 20, NULL, NULL),
(682, 'Xã Liên Ninh', 'Xã', 20, NULL, NULL),
(685, 'Xã Đông Mỹ', 'Xã', 20, NULL, NULL),
(688, 'Phường Quang Trung', 'Phường', 24, NULL, NULL),
(691, 'Phường Trần Phú', 'Phường', 24, NULL, NULL),
(692, 'Phường Ngọc Hà', 'Phường', 24, NULL, NULL),
(694, 'Phường Nguyễn Trãi', 'Phường', 24, NULL, NULL),
(697, 'Phường Minh Khai', 'Phường', 24, NULL, NULL),
(700, 'Xã Ngọc Đường', 'Xã', 24, NULL, NULL),
(703, 'Xã Kim Thạch', 'Xã', 30, NULL, NULL),
(706, 'Xã Phú Linh', 'Xã', 30, NULL, NULL),
(709, 'Xã Kim Linh', 'Xã', 30, NULL, NULL),
(712, 'Thị trấn Phó Bảng', 'Thị trấn', 26, NULL, NULL),
(715, 'Xã Lũng Cú', 'Xã', 26, NULL, NULL),
(718, 'Xã Má Lé', 'Xã', 26, NULL, NULL),
(721, 'Thị trấn Đồng Văn', 'Thị trấn', 26, NULL, NULL),
(724, 'Xã Lũng Táo', 'Xã', 26, NULL, NULL),
(727, 'Xã Phố Là', 'Xã', 26, NULL, NULL),
(730, 'Xã Thài Phìn Tủng', 'Xã', 26, NULL, NULL),
(733, 'Xã Sủng Là', 'Xã', 26, NULL, NULL),
(736, 'Xã Xà Phìn', 'Xã', 26, NULL, NULL),
(739, 'Xã Tả Phìn', 'Xã', 26, NULL, NULL),
(742, 'Xã Tả Lủng', 'Xã', 26, NULL, NULL),
(745, 'Xã Phố Cáo', 'Xã', 26, NULL, NULL),
(748, 'Xã Sính Lủng', 'Xã', 26, NULL, NULL),
(751, 'Xã Sảng Tủng', 'Xã', 26, NULL, NULL),
(754, 'Xã Lũng Thầu', 'Xã', 26, NULL, NULL),
(757, 'Xã Hố Quáng Phìn', 'Xã', 26, NULL, NULL),
(760, 'Xã Vần Chải', 'Xã', 26, NULL, NULL),
(763, 'Xã Lũng Phìn', 'Xã', 26, NULL, NULL),
(766, 'Xã Sủng Trái', 'Xã', 26, NULL, NULL),
(769, 'Thị trấn Mèo Vạc', 'Thị trấn', 27, NULL, NULL),
(772, 'Xã Thượng Phùng', 'Xã', 27, NULL, NULL),
(775, 'Xã Pải Lủng', 'Xã', 27, NULL, NULL),
(778, 'Xã Xín Cái', 'Xã', 27, NULL, NULL),
(781, 'Xã Pả Vi', 'Xã', 27, NULL, NULL),
(784, 'Xã Giàng Chu Phìn', 'Xã', 27, NULL, NULL),
(787, 'Xã Sủng Trà', 'Xã', 27, NULL, NULL),
(790, 'Xã Sủng Máng', 'Xã', 27, NULL, NULL),
(793, 'Xã Sơn Vĩ', 'Xã', 27, NULL, NULL),
(796, 'Xã Tả Lủng', 'Xã', 27, NULL, NULL),
(799, 'Xã Cán Chu Phìn', 'Xã', 27, NULL, NULL),
(802, 'Xã Lũng Pù', 'Xã', 27, NULL, NULL),
(805, 'Xã Lũng Chinh', 'Xã', 27, NULL, NULL),
(808, 'Xã Tát Ngà', 'Xã', 27, NULL, NULL),
(811, 'Xã Nậm Ban', 'Xã', 27, NULL, NULL),
(814, 'Xã Khâu Vai', 'Xã', 27, NULL, NULL),
(815, 'Xã Niêm Tòng', 'Xã', 27, NULL, NULL),
(817, 'Xã Niêm Sơn', 'Xã', 27, NULL, NULL),
(820, 'Thị trấn Yên Minh', 'Thị trấn', 28, NULL, NULL),
(823, 'Xã Thắng Mố', 'Xã', 28, NULL, NULL),
(826, 'Xã Phú Lũng', 'Xã', 28, NULL, NULL),
(829, 'Xã Sủng Tráng', 'Xã', 28, NULL, NULL),
(832, 'Xã Bạch Đích', 'Xã', 28, NULL, NULL),
(835, 'Xã Na Khê', 'Xã', 28, NULL, NULL),
(838, 'Xã Sủng Thài', 'Xã', 28, NULL, NULL),
(841, 'Xã Hữu Vinh', 'Xã', 28, NULL, NULL),
(844, 'Xã Lao Và Chải', 'Xã', 28, NULL, NULL),
(847, 'Xã Mậu Duệ', 'Xã', 28, NULL, NULL),
(850, 'Xã Đông Minh', 'Xã', 28, NULL, NULL),
(853, 'Xã Mậu Long', 'Xã', 28, NULL, NULL),
(856, 'Xã Ngam La', 'Xã', 28, NULL, NULL),
(859, 'Xã Ngọc Long', 'Xã', 28, NULL, NULL),
(862, 'Xã Đường Thượng', 'Xã', 28, NULL, NULL),
(865, 'Xã Lũng Hồ', 'Xã', 28, NULL, NULL),
(868, 'Xã Du Tiến', 'Xã', 28, NULL, NULL),
(871, 'Xã Du Già', 'Xã', 28, NULL, NULL),
(874, 'Thị trấn Tam Sơn', 'Thị trấn', 29, NULL, NULL),
(877, 'Xã Bát Đại Sơn', 'Xã', 29, NULL, NULL),
(880, 'Xã Nghĩa Thuận', 'Xã', 29, NULL, NULL),
(883, 'Xã Cán Tỷ', 'Xã', 29, NULL, NULL),
(886, 'Xã Cao Mã Pờ', 'Xã', 29, NULL, NULL),
(889, 'Xã Thanh Vân', 'Xã', 29, NULL, NULL),
(892, 'Xã Tùng Vài', 'Xã', 29, NULL, NULL),
(895, 'Xã Đông Hà', 'Xã', 29, NULL, NULL),
(898, 'Xã Quản Bạ', 'Xã', 29, NULL, NULL),
(901, 'Xã Lùng Tám', 'Xã', 29, NULL, NULL),
(904, 'Xã Quyết Tiến', 'Xã', 29, NULL, NULL),
(907, 'Xã Tả Ván', 'Xã', 29, NULL, NULL),
(910, 'Xã Thái An', 'Xã', 29, NULL, NULL),
(913, 'Thị trấn Vị Xuyên', 'Thị trấn', 30, NULL, NULL),
(916, 'Thị trấn Nông Trường Việt Lâm', 'Thị trấn', 30, NULL, NULL),
(919, 'Xã Minh Tân', 'Xã', 30, NULL, NULL),
(922, 'Xã Thuận Hoà', 'Xã', 30, NULL, NULL),
(925, 'Xã Tùng Bá', 'Xã', 30, NULL, NULL),
(928, 'Xã Thanh Thủy', 'Xã', 30, NULL, NULL),
(931, 'Xã Thanh Đức', 'Xã', 30, NULL, NULL),
(934, 'Xã Phong Quang', 'Xã', 30, NULL, NULL),
(937, 'Xã Xín Chải', 'Xã', 30, NULL, NULL),
(940, 'Xã Phương Tiến', 'Xã', 30, NULL, NULL),
(943, 'Xã Lao Chải', 'Xã', 30, NULL, NULL),
(946, 'Xã Phương Độ', 'Xã', 24, NULL, NULL),
(949, 'Xã Phương Thiện', 'Xã', 24, NULL, NULL),
(952, 'Xã Cao Bồ', 'Xã', 30, NULL, NULL),
(955, 'Xã Đạo Đức', 'Xã', 30, NULL, NULL),
(958, 'Xã Thượng Sơn', 'Xã', 30, NULL, NULL),
(961, 'Xã Linh Hồ', 'Xã', 30, NULL, NULL),
(964, 'Xã Quảng Ngần', 'Xã', 30, NULL, NULL),
(967, 'Xã Việt Lâm', 'Xã', 30, NULL, NULL),
(970, 'Xã Ngọc Linh', 'Xã', 30, NULL, NULL),
(973, 'Xã Ngọc Minh', 'Xã', 30, NULL, NULL),
(976, 'Xã Bạch Ngọc', 'Xã', 30, NULL, NULL),
(979, 'Xã Trung Thành', 'Xã', 30, NULL, NULL),
(982, 'Xã Minh Sơn', 'Xã', 31, NULL, NULL),
(985, 'Xã Giáp Trung', 'Xã', 31, NULL, NULL),
(988, 'Xã Yên Định', 'Xã', 31, NULL, NULL),
(991, 'Thị trấn Yên Phú', 'Thị trấn', 31, NULL, NULL),
(994, 'Xã Minh Ngọc', 'Xã', 31, NULL, NULL),
(997, 'Xã Yên Phong', 'Xã', 31, NULL, NULL),
(1000, 'Xã Lạc Nông', 'Xã', 31, NULL, NULL),
(1003, 'Xã Phú Nam', 'Xã', 31, NULL, NULL),
(1006, 'Xã Yên Cường', 'Xã', 31, NULL, NULL),
(1009, 'Xã Thượng Tân', 'Xã', 31, NULL, NULL),
(1012, 'Xã Đường Âm', 'Xã', 31, NULL, NULL),
(1015, 'Xã Đường Hồng', 'Xã', 31, NULL, NULL),
(1018, 'Xã Phiêng Luông', 'Xã', 31, NULL, NULL),
(1021, 'Thị trấn Vinh Quang', 'Thị trấn', 32, NULL, NULL),
(1024, 'Xã Bản Máy', 'Xã', 32, NULL, NULL),
(1027, 'Xã Thàng Tín', 'Xã', 32, NULL, NULL),
(1030, 'Xã Thèn Chu Phìn', 'Xã', 32, NULL, NULL),
(1033, 'Xã Pố Lồ', 'Xã', 32, NULL, NULL),
(1036, 'Xã Bản Phùng', 'Xã', 32, NULL, NULL),
(1039, 'Xã Túng Sán', 'Xã', 32, NULL, NULL),
(1042, 'Xã Chiến Phố', 'Xã', 32, NULL, NULL),
(1045, 'Xã Đản Ván', 'Xã', 32, NULL, NULL),
(1048, 'Xã Tụ Nhân', 'Xã', 32, NULL, NULL),
(1051, 'Xã Tân Tiến', 'Xã', 32, NULL, NULL),
(1054, 'Xã Nàng Đôn', 'Xã', 32, NULL, NULL),
(1057, 'Xã Pờ Ly Ngài', 'Xã', 32, NULL, NULL),
(1060, 'Xã Sán Xả Hồ', 'Xã', 32, NULL, NULL),
(1063, 'Xã Bản Luốc', 'Xã', 32, NULL, NULL),
(1066, 'Xã Ngàm Đăng Vài', 'Xã', 32, NULL, NULL),
(1069, 'Xã Bản Nhùng', 'Xã', 32, NULL, NULL),
(1072, 'Xã Tả Sử Choóng', 'Xã', 32, NULL, NULL),
(1075, 'Xã Nậm Dịch', 'Xã', 32, NULL, NULL),
(1078, 'Xã Bản Péo', 'Xã', 32, NULL, NULL),
(1081, 'Xã Hồ Thầu', 'Xã', 32, NULL, NULL),
(1084, 'Xã Nam Sơn', 'Xã', 32, NULL, NULL),
(1087, 'Xã Nậm Tỵ', 'Xã', 32, NULL, NULL),
(1090, 'Xã Thông Nguyên', 'Xã', 32, NULL, NULL),
(1093, 'Xã Nậm Khòa', 'Xã', 32, NULL, NULL),
(1096, 'Thị trấn Cốc Pài', 'Thị trấn', 33, NULL, NULL),
(1099, 'Xã Nàn Xỉn', 'Xã', 33, NULL, NULL),
(1102, 'Xã Bản Díu', 'Xã', 33, NULL, NULL),
(1105, 'Xã Chí Cà', 'Xã', 33, NULL, NULL),
(1108, 'Xã Xín Mần', 'Xã', 33, NULL, NULL),
(1111, 'Xã Trung Thịnh', 'Xã', 33, NULL, NULL),
(1114, 'Xã Thèn Phàng', 'Xã', 33, NULL, NULL),
(1117, 'Xã Ngán Chiên', 'Xã', 33, NULL, NULL),
(1120, 'Xã Pà Vầy Sủ', 'Xã', 33, NULL, NULL),
(1123, 'Xã Cốc Rế', 'Xã', 33, NULL, NULL),
(1126, 'Xã Thu Tà', 'Xã', 33, NULL, NULL),
(1129, 'Xã Nàn Ma', 'Xã', 33, NULL, NULL),
(1132, 'Xã Tả Nhìu', 'Xã', 33, NULL, NULL),
(1135, 'Xã Bản Ngò', 'Xã', 33, NULL, NULL),
(1138, 'Xã Chế Là', 'Xã', 33, NULL, NULL),
(1141, 'Xã Nấm Dẩn', 'Xã', 33, NULL, NULL),
(1144, 'Xã Quảng Nguyên', 'Xã', 33, NULL, NULL),
(1147, 'Xã Nà Chì', 'Xã', 33, NULL, NULL),
(1150, 'Xã Khuôn Lùng', 'Xã', 33, NULL, NULL),
(1153, 'Thị trấn Việt Quang', 'Thị trấn', 34, NULL, NULL),
(1156, 'Thị trấn Vĩnh Tuy', 'Thị trấn', 34, NULL, NULL),
(1159, 'Xã Tân Lập', 'Xã', 34, NULL, NULL),
(1162, 'Xã Tân Thành', 'Xã', 34, NULL, NULL),
(1165, 'Xã Đồng Tiến', 'Xã', 34, NULL, NULL),
(1168, 'Xã Đồng Tâm', 'Xã', 34, NULL, NULL),
(1171, 'Xã Tân Quang', 'Xã', 34, NULL, NULL),
(1174, 'Xã Thượng Bình', 'Xã', 34, NULL, NULL),
(1177, 'Xã Hữu Sản', 'Xã', 34, NULL, NULL),
(1180, 'Xã Kim Ngọc', 'Xã', 34, NULL, NULL),
(1183, 'Xã Việt Vinh', 'Xã', 34, NULL, NULL),
(1186, 'Xã Bằng Hành', 'Xã', 34, NULL, NULL),
(1189, 'Xã Quang Minh', 'Xã', 34, NULL, NULL),
(1192, 'Xã Liên Hiệp', 'Xã', 34, NULL, NULL),
(1195, 'Xã Vô Điếm', 'Xã', 34, NULL, NULL),
(1198, 'Xã Việt Hồng', 'Xã', 34, NULL, NULL),
(1201, 'Xã Hùng An', 'Xã', 34, NULL, NULL),
(1204, 'Xã Đức Xuân', 'Xã', 34, NULL, NULL),
(1207, 'Xã Tiên Kiều', 'Xã', 34, NULL, NULL),
(1210, 'Xã Vĩnh Hảo', 'Xã', 34, NULL, NULL),
(1213, 'Xã Vĩnh Phúc', 'Xã', 34, NULL, NULL),
(1216, 'Xã Đồng Yên', 'Xã', 34, NULL, NULL),
(1219, 'Xã Đông Thành', 'Xã', 34, NULL, NULL),
(1222, 'Xã Xuân Minh', 'Xã', 35, NULL, NULL),
(1225, 'Xã Tiên Nguyên', 'Xã', 35, NULL, NULL),
(1228, 'Xã Tân Nam', 'Xã', 35, NULL, NULL),
(1231, 'Xã Bản Rịa', 'Xã', 35, NULL, NULL),
(1234, 'Xã Yên Thành', 'Xã', 35, NULL, NULL),
(1237, 'Thị trấn Yên Bình', 'Thị trấn', 35, NULL, NULL),
(1240, 'Xã Tân Trịnh', 'Xã', 35, NULL, NULL),
(1243, 'Xã Tân Bắc', 'Xã', 35, NULL, NULL),
(1246, 'Xã Bằng Lang', 'Xã', 35, NULL, NULL),
(1249, 'Xã Yên Hà', 'Xã', 35, NULL, NULL),
(1252, 'Xã Hương Sơn', 'Xã', 35, NULL, NULL),
(1255, 'Xã Xuân Giang', 'Xã', 35, NULL, NULL),
(1258, 'Xã Nà Khương', 'Xã', 35, NULL, NULL),
(1261, 'Xã Tiên Yên', 'Xã', 35, NULL, NULL),
(1264, 'Xã Vĩ Thượng', 'Xã', 35, NULL, NULL),
(1267, 'Phường Sông Hiến', 'Phường', 40, NULL, NULL),
(1270, 'Phường Sông Bằng', 'Phường', 40, NULL, NULL),
(1273, 'Phường Hợp Giang', 'Phường', 40, NULL, NULL),
(1276, 'Phường Tân Giang', 'Phường', 40, NULL, NULL),
(1279, 'Phường Ngọc Xuân', 'Phường', 40, NULL, NULL),
(1282, 'Phường Đề Thám', 'Phường', 40, NULL, NULL),
(1285, 'Phường Hoà Chung', 'Phường', 40, NULL, NULL),
(1288, 'Phường Duyệt Trung', 'Phường', 40, NULL, NULL),
(1290, 'Thị trấn Pác Miầu', 'Thị trấn', 42, NULL, NULL),
(1291, 'Xã Đức Hạnh', 'Xã', 42, NULL, NULL),
(1294, 'Xã Lý Bôn', 'Xã', 42, NULL, NULL),
(1296, 'Xã Nam Cao', 'Xã', 42, NULL, NULL),
(1297, 'Xã Nam Quang', 'Xã', 42, NULL, NULL),
(1300, 'Xã Vĩnh Quang', 'Xã', 42, NULL, NULL),
(1303, 'Xã Quảng Lâm', 'Xã', 42, NULL, NULL),
(1304, 'Xã Thạch Lâm', 'Xã', 42, NULL, NULL),
(1306, 'Xã Tân Việt', 'Xã', 42, NULL, NULL),
(1309, 'Xã Vĩnh Phong', 'Xã', 42, NULL, NULL),
(1312, 'Xã Mông Ân', 'Xã', 42, NULL, NULL),
(1315, 'Xã Thái Học', 'Xã', 42, NULL, NULL),
(1316, 'Xã Thái Sơn', 'Xã', 42, NULL, NULL),
(1318, 'Xã Yên Thổ', 'Xã', 42, NULL, NULL),
(1321, 'Thị trấn Bảo Lạc', 'Thị trấn', 43, NULL, NULL),
(1324, 'Xã Cốc Pàng', 'Xã', 43, NULL, NULL),
(1327, 'Xã Thượng Hà', 'Xã', 43, NULL, NULL),
(1330, 'Xã Cô Ba', 'Xã', 43, NULL, NULL),
(1333, 'Xã Bảo Toàn', 'Xã', 43, NULL, NULL),
(1336, 'Xã Khánh Xuân', 'Xã', 43, NULL, NULL),
(1339, 'Xã Xuân Trường', 'Xã', 43, NULL, NULL),
(1342, 'Xã Hồng Trị', 'Xã', 43, NULL, NULL),
(1343, 'Xã Kim Cúc', 'Xã', 43, NULL, NULL),
(1345, 'Xã Phan Thanh', 'Xã', 43, NULL, NULL),
(1348, 'Xã Hồng An', 'Xã', 43, NULL, NULL),
(1351, 'Xã Hưng Đạo', 'Xã', 43, NULL, NULL),
(1352, 'Xã Hưng Thịnh', 'Xã', 43, NULL, NULL),
(1354, 'Xã Huy Giáp', 'Xã', 43, NULL, NULL),
(1357, 'Xã Đình Phùng', 'Xã', 43, NULL, NULL),
(1359, 'Xã Sơn Lập', 'Xã', 43, NULL, NULL),
(1360, 'Xã Sơn Lộ', 'Xã', 43, NULL, NULL),
(1363, 'Thị trấn Thông Nông', 'Thị trấn', 44, NULL, NULL),
(1366, 'Xã Cần Yên', 'Xã', 44, NULL, NULL),
(1367, 'Xã Cần Nông', 'Xã', 44, NULL, NULL),
(1369, 'Xã Vị Quang', 'Xã', 44, NULL, NULL),
(1372, 'Xã Lương Thông', 'Xã', 44, NULL, NULL),
(1375, 'Xã Đa Thông', 'Xã', 44, NULL, NULL),
(1378, 'Xã Ngọc Động', 'Xã', 44, NULL, NULL),
(1381, 'Xã Yên Sơn', 'Xã', 44, NULL, NULL),
(1384, 'Xã Lương Can', 'Xã', 44, NULL, NULL),
(1387, 'Xã Thanh Long', 'Xã', 44, NULL, NULL),
(1390, 'Xã Bình Lãng', 'Xã', 44, NULL, NULL),
(1392, 'Thị trấn Xuân Hòa', 'Thị trấn', 45, NULL, NULL),
(1393, 'Xã Lũng Nặm', 'Xã', 45, NULL, NULL),
(1396, 'Xã Kéo Yên', 'Xã', 45, NULL, NULL),
(1399, 'Xã Trường Hà', 'Xã', 45, NULL, NULL),
(1402, 'Xã Vân An', 'Xã', 45, NULL, NULL),
(1405, 'Xã Cải Viên', 'Xã', 45, NULL, NULL),
(1408, 'Xã Nà Sác', 'Xã', 45, NULL, NULL),
(1411, 'Xã Nội Thôn', 'Xã', 45, NULL, NULL),
(1414, 'Xã Tổng Cọt', 'Xã', 45, NULL, NULL),
(1417, 'Xã Sóc Hà', 'Xã', 45, NULL, NULL),
(1420, 'Xã Thượng Thôn', 'Xã', 45, NULL, NULL),
(1423, 'Xã Vần Dính', 'Xã', 45, NULL, NULL),
(1426, 'Xã Hồng Sĩ', 'Xã', 45, NULL, NULL),
(1429, 'Xã Sĩ Hai', 'Xã', 45, NULL, NULL),
(1432, 'Xã Quý Quân', 'Xã', 45, NULL, NULL),
(1435, 'Xã Mã Ba', 'Xã', 45, NULL, NULL),
(1438, 'Xã Phù Ngọc', 'Xã', 45, NULL, NULL),
(1441, 'Xã Đào Ngạn', 'Xã', 45, NULL, NULL),
(1444, 'Xã Hạ Thôn', 'Xã', 45, NULL, NULL),
(1447, 'Thị trấn Hùng Quốc', 'Thị trấn', 46, NULL, NULL),
(1450, 'Xã Cô Mười', 'Xã', 46, NULL, NULL),
(1453, 'Xã Tri Phương', 'Xã', 46, NULL, NULL),
(1456, 'Xã Quang Hán', 'Xã', 46, NULL, NULL),
(1459, 'Xã Quang Vinh', 'Xã', 46, NULL, NULL),
(1462, 'Xã Xuân Nội', 'Xã', 46, NULL, NULL),
(1465, 'Xã Quang Trung', 'Xã', 46, NULL, NULL),
(1468, 'Xã Lưu Ngọc', 'Xã', 46, NULL, NULL),
(1471, 'Xã Cao Chương', 'Xã', 46, NULL, NULL),
(1474, 'Xã Quốc Toản', 'Xã', 46, NULL, NULL),
(1477, 'Thị trấn Trùng Khánh', 'Thị trấn', 47, NULL, NULL),
(1480, 'Xã Ngọc Khê', 'Xã', 47, NULL, NULL),
(1481, 'Xã Ngọc Côn', 'Xã', 47, NULL, NULL),
(1483, 'Xã Phong Nậm', 'Xã', 47, NULL, NULL),
(1486, 'Xã Ngọc Chung', 'Xã', 47, NULL, NULL),
(1489, 'Xã Đình Phong', 'Xã', 47, NULL, NULL),
(1492, 'Xã Lăng Yên', 'Xã', 47, NULL, NULL),
(1495, 'Xã Đàm Thuỷ', 'Xã', 47, NULL, NULL),
(1498, 'Xã Khâm Thành', 'Xã', 47, NULL, NULL),
(1501, 'Xã Chí Viễn', 'Xã', 47, NULL, NULL),
(1504, 'Xã Lăng Hiếu', 'Xã', 47, NULL, NULL),
(1507, 'Xã Phong Châu', 'Xã', 47, NULL, NULL),
(1510, 'Xã Đình Minh', 'Xã', 47, NULL, NULL),
(1513, 'Xã Cảnh Tiên', 'Xã', 47, NULL, NULL),
(1516, 'Xã Trung Phúc', 'Xã', 47, NULL, NULL),
(1519, 'Xã Cao Thăng', 'Xã', 47, NULL, NULL),
(1522, 'Xã Đức Hồng', 'Xã', 47, NULL, NULL),
(1525, 'Xã Thông Hoè', 'Xã', 47, NULL, NULL),
(1528, 'Xã Thân Giáp', 'Xã', 47, NULL, NULL),
(1531, 'Xã Đoài Côn', 'Xã', 47, NULL, NULL),
(1534, 'Xã Minh Long', 'Xã', 48, NULL, NULL),
(1537, 'Xã Lý Quốc', 'Xã', 48, NULL, NULL),
(1540, 'Xã Thắng Lợi', 'Xã', 48, NULL, NULL),
(1543, 'Xã Đồng Loan', 'Xã', 48, NULL, NULL),
(1546, 'Xã Đức Quang', 'Xã', 48, NULL, NULL),
(1549, 'Xã Kim Loan', 'Xã', 48, NULL, NULL),
(1552, 'Xã Quang Long', 'Xã', 48, NULL, NULL),
(1555, 'Xã An Lạc', 'Xã', 48, NULL, NULL),
(1558, 'Thị trấn Thanh Nhật', 'Thị trấn', 48, NULL, NULL),
(1561, 'Xã Vinh Quý', 'Xã', 48, NULL, NULL),
(1564, 'Xã Việt Chu', 'Xã', 48, NULL, NULL),
(1567, 'Xã Cô Ngân', 'Xã', 48, NULL, NULL),
(1570, 'Xã Thái Đức', 'Xã', 48, NULL, NULL),
(1573, 'Xã Thị Hoa', 'Xã', 48, NULL, NULL),
(1576, 'Thị trấn Quảng Uyên', 'Thị trấn', 49, NULL, NULL),
(1579, 'Xã Phi Hải', 'Xã', 49, NULL, NULL),
(1582, 'Xã Quảng Hưng', 'Xã', 49, NULL, NULL),
(1585, 'Xã Bình Lăng', 'Xã', 49, NULL, NULL),
(1588, 'Xã Quốc Dân', 'Xã', 49, NULL, NULL),
(1591, 'Xã Quốc Phong', 'Xã', 49, NULL, NULL),
(1594, 'Xã Độc Lập', 'Xã', 49, NULL, NULL),
(1597, 'Xã Cai Bộ', 'Xã', 49, NULL, NULL),
(1600, 'Xã Đoài Khôn', 'Xã', 49, NULL, NULL),
(1603, 'Xã Phúc Sen', 'Xã', 49, NULL, NULL),
(1606, 'Xã Chí Thảo', 'Xã', 49, NULL, NULL),
(1609, 'Xã Tự Do', 'Xã', 49, NULL, NULL),
(1612, 'Xã Hồng Định', 'Xã', 49, NULL, NULL),
(1615, 'Xã Hồng Quang', 'Xã', 49, NULL, NULL),
(1618, 'Xã Ngọc Động', 'Xã', 49, NULL, NULL),
(1621, 'Xã Hoàng Hải', 'Xã', 49, NULL, NULL),
(1624, 'Xã Hạnh Phúc', 'Xã', 49, NULL, NULL),
(1627, 'Thị trấn Tà Lùng', 'Thị trấn', 50, NULL, NULL),
(1630, 'Xã Triệu ẩu', 'Xã', 50, NULL, NULL),
(1633, 'Xã Hồng Đại', 'Xã', 50, NULL, NULL),
(1636, 'Xã Cách Linh', 'Xã', 50, NULL, NULL),
(1639, 'Xã Đại Sơn', 'Xã', 50, NULL, NULL),
(1642, 'Xã Lương Thiện', 'Xã', 50, NULL, NULL),
(1645, 'Xã Tiên Thành', 'Xã', 50, NULL, NULL),
(1648, 'Thị trấn Hoà Thuận', 'Thị trấn', 50, NULL, NULL),
(1651, 'Xã Mỹ Hưng', 'Xã', 50, NULL, NULL),
(1654, 'Thị trấn Nước Hai', 'Thị trấn', 51, NULL, NULL),
(1657, 'Xã Dân Chủ', 'Xã', 51, NULL, NULL),
(1660, 'Xã Nam Tuấn', 'Xã', 51, NULL, NULL),
(1663, 'Xã Đức Xuân', 'Xã', 51, NULL, NULL),
(1666, 'Xã Đại Tiến', 'Xã', 51, NULL, NULL),
(1669, 'Xã Đức Long', 'Xã', 51, NULL, NULL),
(1672, 'Xã Ngũ Lão', 'Xã', 51, NULL, NULL),
(1675, 'Xã Trương Lương', 'Xã', 51, NULL, NULL),
(1678, 'Xã Bình Long', 'Xã', 51, NULL, NULL),
(1681, 'Xã Nguyễn Huệ', 'Xã', 51, NULL, NULL),
(1684, 'Xã Công Trừng', 'Xã', 51, NULL, NULL),
(1687, 'Xã Hồng Việt', 'Xã', 51, NULL, NULL),
(1690, 'Xã Bế Triều', 'Xã', 51, NULL, NULL),
(1693, 'Xã Vĩnh Quang', 'Xã', 40, NULL, NULL),
(1696, 'Xã Hoàng Tung', 'Xã', 51, NULL, NULL),
(1699, 'Xã Trương Vương', 'Xã', 51, NULL, NULL),
(1702, 'Xã Quang Trung', 'Xã', 51, NULL, NULL),
(1705, 'Xã Hưng Đạo', 'Xã', 40, NULL, NULL),
(1708, 'Xã Bạch Đằng', 'Xã', 51, NULL, NULL),
(1711, 'Xã Bình Dương', 'Xã', 51, NULL, NULL),
(1714, 'Xã Lê Chung', 'Xã', 51, NULL, NULL),
(1717, 'Xã Hà Trì', 'Xã', 51, NULL, NULL),
(1720, 'Xã Chu Trinh', 'Xã', 40, NULL, NULL),
(1723, 'Xã Hồng Nam', 'Xã', 51, NULL, NULL),
(1726, 'Thị trấn Nguyên Bình', 'Thị trấn', 52, NULL, NULL),
(1729, 'Thị trấn Tĩnh Túc', 'Thị trấn', 52, NULL, NULL),
(1732, 'Xã Yên Lạc', 'Xã', 52, NULL, NULL),
(1735, 'Xã Triệu Nguyên', 'Xã', 52, NULL, NULL),
(1738, 'Xã Ca Thành', 'Xã', 52, NULL, NULL),
(1741, 'Xã Thái Học', 'Xã', 52, NULL, NULL),
(1744, 'Xã Vũ Nông', 'Xã', 52, NULL, NULL),
(1747, 'Xã Minh Tâm', 'Xã', 52, NULL, NULL),
(1750, 'Xã Thể Dục', 'Xã', 52, NULL, NULL),
(1753, 'Xã Bắc Hợp', 'Xã', 52, NULL, NULL),
(1756, 'Xã Mai Long', 'Xã', 52, NULL, NULL),
(1759, 'Xã Lang Môn', 'Xã', 52, NULL, NULL),
(1762, 'Xã Minh Thanh', 'Xã', 52, NULL, NULL),
(1765, 'Xã Hoa Thám', 'Xã', 52, NULL, NULL),
(1768, 'Xã Phan Thanh', 'Xã', 52, NULL, NULL),
(1771, 'Xã Quang Thành', 'Xã', 52, NULL, NULL),
(1774, 'Xã Tam Kim', 'Xã', 52, NULL, NULL),
(1777, 'Xã Thành Công', 'Xã', 52, NULL, NULL),
(1780, 'Xã Thịnh Vượng', 'Xã', 52, NULL, NULL),
(1783, 'Xã Hưng Đạo', 'Xã', 52, NULL, NULL),
(1786, 'Thị trấn Đông Khê', 'Thị trấn', 53, NULL, NULL),
(1789, 'Xã Canh Tân', 'Xã', 53, NULL, NULL),
(1792, 'Xã Kim Đồng', 'Xã', 53, NULL, NULL),
(1795, 'Xã Minh Khai', 'Xã', 53, NULL, NULL),
(1798, 'Xã Thị Ngân', 'Xã', 53, NULL, NULL),
(1801, 'Xã Đức Thông', 'Xã', 53, NULL, NULL),
(1804, 'Xã Thái Cường', 'Xã', 53, NULL, NULL),
(1807, 'Xã Vân Trình', 'Xã', 53, NULL, NULL),
(1810, 'Xã Thụy Hùng', 'Xã', 53, NULL, NULL),
(1813, 'Xã Quang Trọng', 'Xã', 53, NULL, NULL),
(1816, 'Xã Trọng Con', 'Xã', 53, NULL, NULL),
(1819, 'Xã Lê Lai', 'Xã', 53, NULL, NULL),
(1822, 'Xã Đức Long', 'Xã', 53, NULL, NULL),
(1825, 'Xã Danh Sỹ', 'Xã', 53, NULL, NULL),
(1828, 'Xã Lê Lợi', 'Xã', 53, NULL, NULL),
(1831, 'Xã Đức Xuân', 'Xã', 53, NULL, NULL),
(1834, 'Phường Nguyễn Thị Minh Khai', 'Phường', 58, NULL, NULL),
(1837, 'Phường Sông Cầu', 'Phường', 58, NULL, NULL),
(1840, 'Phường Đức Xuân', 'Phường', 58, NULL, NULL),
(1843, 'Phường Phùng Chí Kiên', 'Phường', 58, NULL, NULL),
(1846, 'Phường Huyền Tụng', 'Phường', 58, NULL, NULL),
(1849, 'Xã Dương Quang', 'Xã', 58, NULL, NULL),
(1852, 'Xã Nông Thượng', 'Xã', 58, NULL, NULL),
(1855, 'Phường Xuất Hóa', 'Phường', 58, NULL, NULL),
(1858, 'Xã Bằng Thành', 'Xã', 60, NULL, NULL),
(1861, 'Xã Nhạn Môn', 'Xã', 60, NULL, NULL),
(1864, 'Xã Bộc Bố', 'Xã', 60, NULL, NULL),
(1867, 'Xã Công Bằng', 'Xã', 60, NULL, NULL),
(1870, 'Xã Giáo Hiệu', 'Xã', 60, NULL, NULL),
(1873, 'Xã Xuân La', 'Xã', 60, NULL, NULL),
(1876, 'Xã An Thắng', 'Xã', 60, NULL, NULL),
(1879, 'Xã Cổ Linh', 'Xã', 60, NULL, NULL),
(1882, 'Xã Nghiên Loan', 'Xã', 60, NULL, NULL),
(1885, 'Xã Cao Tân', 'Xã', 60, NULL, NULL),
(1888, 'Thị trấn Chợ Rã', 'Thị trấn', 61, NULL, NULL),
(1891, 'Xã Bành Trạch', 'Xã', 61, NULL, NULL),
(1894, 'Xã Phúc Lộc', 'Xã', 61, NULL, NULL),
(1897, 'Xã Hà Hiệu', 'Xã', 61, NULL, NULL),
(1900, 'Xã Cao Thượng', 'Xã', 61, NULL, NULL),
(1903, 'Xã Cao Trĩ', 'Xã', 61, NULL, NULL),
(1906, 'Xã Khang Ninh', 'Xã', 61, NULL, NULL),
(1909, 'Xã Nam Mẫu', 'Xã', 61, NULL, NULL),
(1912, 'Xã Thượng Giáo', 'Xã', 61, NULL, NULL),
(1915, 'Xã Địa Linh', 'Xã', 61, NULL, NULL),
(1918, 'Xã Yến Dương', 'Xã', 61, NULL, NULL),
(1921, 'Xã Chu Hương', 'Xã', 61, NULL, NULL),
(1924, 'Xã Quảng Khê', 'Xã', 61, NULL, NULL),
(1927, 'Xã Mỹ Phương', 'Xã', 61, NULL, NULL),
(1930, 'Xã Hoàng Trĩ', 'Xã', 61, NULL, NULL),
(1933, 'Xã Đồng Phúc', 'Xã', 61, NULL, NULL),
(1936, 'Thị trấn Nà Phặc', 'Thị trấn', 62, NULL, NULL),
(1939, 'Xã Thượng Ân', 'Xã', 62, NULL, NULL),
(1942, 'Xã Bằng Vân', 'Xã', 62, NULL, NULL),
(1945, 'Xã Cốc Đán', 'Xã', 62, NULL, NULL),
(1948, 'Xã Trung Hoà', 'Xã', 62, NULL, NULL),
(1951, 'Xã Đức Vân', 'Xã', 62, NULL, NULL),
(1954, 'Xã Vân Tùng', 'Xã', 62, NULL, NULL),
(1957, 'Xã Thượng Quan', 'Xã', 62, NULL, NULL),
(1960, 'Xã Lãng Ngâm', 'Xã', 62, NULL, NULL),
(1963, 'Xã Thuần Mang', 'Xã', 62, NULL, NULL),
(1966, 'Xã Hương Nê', 'Xã', 62, NULL, NULL),
(1969, 'Thị trấn Phủ Thông', 'Thị trấn', 63, NULL, NULL),
(1972, 'Xã Phương Linh', 'Xã', 63, NULL, NULL),
(1975, 'Xã Vi Hương', 'Xã', 63, NULL, NULL),
(1978, 'Xã Sĩ Bình', 'Xã', 63, NULL, NULL),
(1981, 'Xã Vũ Muộn', 'Xã', 63, NULL, NULL),
(1984, 'Xã Đôn Phong', 'Xã', 63, NULL, NULL),
(1987, 'Xã Tú Trĩ', 'Xã', 63, NULL, NULL),
(1990, 'Xã Lục Bình', 'Xã', 63, NULL, NULL),
(1993, 'Xã Tân Tiến', 'Xã', 63, NULL, NULL),
(1996, 'Xã Quân Bình', 'Xã', 63, NULL, NULL),
(1999, 'Xã Nguyên Phúc', 'Xã', 63, NULL, NULL),
(2002, 'Xã Cao Sơn', 'Xã', 63, NULL, NULL),
(2005, 'Xã Hà Vị', 'Xã', 63, NULL, NULL),
(2008, 'Xã Cẩm Giàng', 'Xã', 63, NULL, NULL),
(2011, 'Xã Mỹ Thanh', 'Xã', 63, NULL, NULL),
(2014, 'Xã Dương Phong', 'Xã', 63, NULL, NULL),
(2017, 'Xã Quang Thuận', 'Xã', 63, NULL, NULL),
(2020, 'Thị trấn Bằng Lũng', 'Thị trấn', 64, NULL, NULL),
(2023, 'Xã Xuân Lạc', 'Xã', 64, NULL, NULL),
(2026, 'Xã Nam Cường', 'Xã', 64, NULL, NULL),
(2029, 'Xã Đồng Lạc', 'Xã', 64, NULL, NULL),
(2032, 'Xã Tân Lập', 'Xã', 64, NULL, NULL),
(2035, 'Xã Bản Thi', 'Xã', 64, NULL, NULL),
(2038, 'Xã Quảng Bạch', 'Xã', 64, NULL, NULL),
(2041, 'Xã Bằng Phúc', 'Xã', 64, NULL, NULL),
(2044, 'Xã Yên Thịnh', 'Xã', 64, NULL, NULL),
(2047, 'Xã Yên Thượng', 'Xã', 64, NULL, NULL),
(2050, 'Xã Phương Viên', 'Xã', 64, NULL, NULL),
(2053, 'Xã Ngọc Phái', 'Xã', 64, NULL, NULL),
(2056, 'Xã Rã Bản', 'Xã', 64, NULL, NULL),
(2059, 'Xã Đông Viên', 'Xã', 64, NULL, NULL),
(2062, 'Xã Lương Bằng', 'Xã', 64, NULL, NULL),
(2065, 'Xã Bằng Lãng', 'Xã', 64, NULL, NULL),
(2068, 'Xã Đại Sảo', 'Xã', 64, NULL, NULL),
(2071, 'Xã Nghĩa Tá', 'Xã', 64, NULL, NULL),
(2074, 'Xã Phong Huân', 'Xã', 64, NULL, NULL),
(2077, 'Xã Yên Mỹ', 'Xã', 64, NULL, NULL),
(2080, 'Xã Bình Trung', 'Xã', 64, NULL, NULL),
(2083, 'Xã Yên Nhuận', 'Xã', 64, NULL, NULL),
(2086, 'Thị trấn Chợ Mới', 'Thị trấn', 65, NULL, NULL),
(2089, 'Xã Tân Sơn', 'Xã', 65, NULL, NULL),
(2092, 'Xã Thanh Vận', 'Xã', 65, NULL, NULL),
(2095, 'Xã Mai Lạp', 'Xã', 65, NULL, NULL),
(2098, 'Xã Hoà Mục', 'Xã', 65, NULL, NULL),
(2101, 'Xã Thanh Mai', 'Xã', 65, NULL, NULL),
(2104, 'Xã Cao Kỳ', 'Xã', 65, NULL, NULL),
(2107, 'Xã Nông Hạ', 'Xã', 65, NULL, NULL),
(2110, 'Xã Yên Cư', 'Xã', 65, NULL, NULL),
(2113, 'Xã Nông Thịnh', 'Xã', 65, NULL, NULL),
(2116, 'Xã Yên Hân', 'Xã', 65, NULL, NULL),
(2119, 'Xã Thanh Bình', 'Xã', 65, NULL, NULL),
(2122, 'Xã Như Cố', 'Xã', 65, NULL, NULL),
(2125, 'Xã Bình Văn', 'Xã', 65, NULL, NULL),
(2128, 'Xã Yên Đĩnh', 'Xã', 65, NULL, NULL),
(2131, 'Xã Quảng Chu', 'Xã', 65, NULL, NULL),
(2134, 'Thị trấn Yến Lạc', 'Thị trấn', 66, NULL, NULL),
(2137, 'Xã Vũ Loan', 'Xã', 66, NULL, NULL),
(2140, 'Xã Lạng San', 'Xã', 66, NULL, NULL),
(2143, 'Xã Lương Thượng', 'Xã', 66, NULL, NULL),
(2146, 'Xã Kim Hỷ', 'Xã', 66, NULL, NULL),
(2149, 'Xã Văn Học', 'Xã', 66, NULL, NULL),
(2152, 'Xã Cường Lợi', 'Xã', 66, NULL, NULL),
(2155, 'Xã Lương Hạ', 'Xã', 66, NULL, NULL),
(2158, 'Xã Kim Lư', 'Xã', 66, NULL, NULL),
(2161, 'Xã Lương Thành', 'Xã', 66, NULL, NULL),
(2164, 'Xã Ân Tình', 'Xã', 66, NULL, NULL),
(2167, 'Xã Lam Sơn', 'Xã', 66, NULL, NULL),
(2170, 'Xã Văn Minh', 'Xã', 66, NULL, NULL),
(2173, 'Xã Côn Minh', 'Xã', 66, NULL, NULL),
(2176, 'Xã Cư Lễ', 'Xã', 66, NULL, NULL),
(2179, 'Xã Hữu Thác', 'Xã', 66, NULL, NULL),
(2182, 'Xã Hảo Nghĩa', 'Xã', 66, NULL, NULL),
(2185, 'Xã Quang Phong', 'Xã', 66, NULL, NULL),
(2188, 'Xã Dương Sơn', 'Xã', 66, NULL, NULL),
(2191, 'Xã Xuân Dương', 'Xã', 66, NULL, NULL),
(2194, 'Xã Đổng Xá', 'Xã', 66, NULL, NULL),
(2197, 'Xã Liêm Thuỷ', 'Xã', 66, NULL, NULL),
(2200, 'Phường Phan Thiết', 'Phường', 70, NULL, NULL),
(2203, 'Phường Minh Xuân', 'Phường', 70, NULL, NULL),
(2206, 'Phường Tân Quang', 'Phường', 70, NULL, NULL),
(2209, 'Xã Tràng Đà', 'Xã', 70, NULL, NULL),
(2212, 'Phường Nông Tiến', 'Phường', 70, NULL, NULL),
(2215, 'Phường Ỷ La', 'Phường', 70, NULL, NULL),
(2216, 'Phường Tân Hà', 'Phường', 70, NULL, NULL),
(2218, 'Phường Hưng Thành', 'Phường', 70, NULL, NULL),
(2221, 'Thị trấn Nà Hang', 'Thị trấn', 72, NULL, NULL),
(2227, 'Xã Sinh Long', 'Xã', 72, NULL, NULL),
(2230, 'Xã Thượng Giáp', 'Xã', 72, NULL, NULL),
(2233, 'Xã Phúc Yên', 'Xã', 71, NULL, NULL),
(2239, 'Xã Thượng Nông', 'Xã', 72, NULL, NULL),
(2242, 'Xã Xuân Lập', 'Xã', 71, NULL, NULL),
(2245, 'Xã Côn Lôn', 'Xã', 72, NULL, NULL),
(2248, 'Xã Yên Hoa', 'Xã', 72, NULL, NULL),
(2251, 'Xã Khuôn Hà', 'Xã', 71, NULL, NULL),
(2254, 'Xã Hồng Thái', 'Xã', 72, NULL, NULL),
(2260, 'Xã Đà Vị', 'Xã', 72, NULL, NULL),
(2263, 'Xã Khau Tinh', 'Xã', 72, NULL, NULL),
(2266, 'Xã Lăng Can', 'Xã', 71, NULL, NULL),
(2269, 'Xã Thượng Lâm', 'Xã', 71, NULL, NULL),
(2275, 'Xã Sơn Phú', 'Xã', 72, NULL, NULL),
(2281, 'Xã Năng Khả', 'Xã', 72, NULL, NULL),
(2284, 'Xã Thanh Tương', 'Xã', 72, NULL, NULL),
(2287, 'Thị trấn Vĩnh Lộc', 'Thị trấn', 73, NULL, NULL),
(2290, 'Xã Bình An', 'Xã', 71, NULL, NULL),
(2293, 'Xã Hồng Quang', 'Xã', 71, NULL, NULL),
(2296, 'Xã Thổ Bình', 'Xã', 71, NULL, NULL),
(2299, 'Xã Phúc Sơn', 'Xã', 73, NULL, NULL),
(2302, 'Xã Minh Quang', 'Xã', 73, NULL, NULL),
(2305, 'Xã Trung Hà', 'Xã', 73, NULL, NULL),
(2308, 'Xã Tân Mỹ', 'Xã', 73, NULL, NULL),
(2311, 'Xã Hà Lang', 'Xã', 73, NULL, NULL),
(2314, 'Xã Hùng Mỹ', 'Xã', 73, NULL, NULL),
(2317, 'Xã Yên Lập', 'Xã', 73, NULL, NULL),
(2320, 'Xã Tân An', 'Xã', 73, NULL, NULL),
(2323, 'Xã Bình Phú', 'Xã', 73, NULL, NULL),
(2326, 'Xã Xuân Quang', 'Xã', 73, NULL, NULL),
(2329, 'Xã Ngọc Hội', 'Xã', 73, NULL, NULL),
(2332, 'Xã Phú Bình', 'Xã', 73, NULL, NULL),
(2335, 'Xã Hòa Phú', 'Xã', 73, NULL, NULL),
(2338, 'Xã Phúc Thịnh', 'Xã', 73, NULL, NULL),
(2341, 'Xã Kiên Đài', 'Xã', 73, NULL, NULL),
(2344, 'Xã Tân Thịnh', 'Xã', 73, NULL, NULL),
(2347, 'Xã Trung Hòa', 'Xã', 73, NULL, NULL),
(2350, 'Xã Kim Bình', 'Xã', 73, NULL, NULL),
(2353, 'Xã Hòa An', 'Xã', 73, NULL, NULL),
(2356, 'Xã Vinh Quang', 'Xã', 73, NULL, NULL),
(2359, 'Xã Tri Phú', 'Xã', 73, NULL, NULL),
(2362, 'Xã Nhân Lý', 'Xã', 73, NULL, NULL),
(2365, 'Xã Yên Nguyên', 'Xã', 73, NULL, NULL),
(2368, 'Xã Linh Phú', 'Xã', 73, NULL, NULL),
(2371, 'Xã Bình Nhân', 'Xã', 73, NULL, NULL),
(2374, 'Thị trấn Tân Yên', 'Thị trấn', 74, NULL, NULL),
(2377, 'Xã Yên Thuận', 'Xã', 74, NULL, NULL),
(2380, 'Xã Bạch Xa', 'Xã', 74, NULL, NULL),
(2383, 'Xã Minh Khương', 'Xã', 74, NULL, NULL),
(2386, 'Xã Yên Lâm', 'Xã', 74, NULL, NULL),
(2389, 'Xã Minh Dân', 'Xã', 74, NULL, NULL),
(2392, 'Xã Phù Lưu', 'Xã', 74, NULL, NULL),
(2395, 'Xã Minh Hương', 'Xã', 74, NULL, NULL),
(2398, 'Xã Yên Phú', 'Xã', 74, NULL, NULL),
(2401, 'Xã Tân Thành', 'Xã', 74, NULL, NULL),
(2404, 'Xã Bình Xa', 'Xã', 74, NULL, NULL),
(2407, 'Xã Thái Sơn', 'Xã', 74, NULL, NULL),
(2410, 'Xã Nhân Mục', 'Xã', 74, NULL, NULL),
(2413, 'Xã Thành Long', 'Xã', 74, NULL, NULL),
(2416, 'Xã Bằng Cốc', 'Xã', 74, NULL, NULL),
(2419, 'Xã Thái Hòa', 'Xã', 74, NULL, NULL),
(2422, 'Xã Đức Ninh', 'Xã', 74, NULL, NULL),
(2425, 'Xã Hùng Đức', 'Xã', 74, NULL, NULL),
(2428, 'Thị trấn Tân Bình', 'Thị trấn', 75, NULL, NULL),
(2431, 'Xã Quí Quân', 'Xã', 75, NULL, NULL),
(2434, 'Xã Lực Hành', 'Xã', 75, NULL, NULL),
(2437, 'Xã Kiến Thiết', 'Xã', 75, NULL, NULL),
(2440, 'Xã Trung Minh', 'Xã', 75, NULL, NULL),
(2443, 'Xã Chiêu Yên', 'Xã', 75, NULL, NULL),
(2446, 'Xã Trung Trực', 'Xã', 75, NULL, NULL),
(2449, 'Xã Xuân Vân', 'Xã', 75, NULL, NULL),
(2452, 'Xã Phúc Ninh', 'Xã', 75, NULL, NULL),
(2455, 'Xã Hùng Lợi', 'Xã', 75, NULL, NULL),
(2458, 'Xã Trung Sơn', 'Xã', 75, NULL, NULL),
(2461, 'Xã Tân Tiến', 'Xã', 75, NULL, NULL),
(2464, 'Xã Tứ Quận', 'Xã', 75, NULL, NULL),
(2467, 'Xã Đạo Viện', 'Xã', 75, NULL, NULL),
(2470, 'Xã Tân Long', 'Xã', 75, NULL, NULL),
(2473, 'Xã Thắng Quân', 'Xã', 75, NULL, NULL),
(2476, 'Xã Kim Quan', 'Xã', 75, NULL, NULL),
(2479, 'Xã Lang Quán', 'Xã', 75, NULL, NULL),
(2482, 'Xã Phú Thịnh', 'Xã', 75, NULL, NULL),
(2485, 'Xã Công Đa', 'Xã', 75, NULL, NULL),
(2488, 'Xã Trung Môn', 'Xã', 75, NULL, NULL),
(2491, 'Xã Chân Sơn', 'Xã', 75, NULL, NULL),
(2494, 'Xã Thái Bình', 'Xã', 75, NULL, NULL),
(2497, 'Xã Kim Phú', 'Xã', 75, NULL, NULL),
(2500, 'Xã Tiến Bộ', 'Xã', 75, NULL, NULL),
(2503, 'Xã An Khang', 'Xã', 70, NULL, NULL),
(2506, 'Xã Mỹ Bằng', 'Xã', 75, NULL, NULL),
(2509, 'Xã Phú Lâm', 'Xã', 75, NULL, NULL),
(2512, 'Xã An Tường', 'Xã', 70, NULL, NULL),
(2515, 'Xã Lưỡng Vượng', 'Xã', 70, NULL, NULL),
(2518, 'Xã Hoàng Khai', 'Xã', 75, NULL, NULL),
(2521, 'Xã Thái Long', 'Xã', 70, NULL, NULL),
(2524, 'Xã Đội Cấn', 'Xã', 70, NULL, NULL),
(2527, 'Xã Nhữ Hán', 'Xã', 75, NULL, NULL),
(2530, 'Xã Nhữ Khê', 'Xã', 75, NULL, NULL),
(2533, 'Xã Đội Bình', 'Xã', 75, NULL, NULL),
(2536, 'Thị trấn Sơn Dương', 'Thị trấn', 76, NULL, NULL),
(2539, 'Xã Trung Yên', 'Xã', 76, NULL, NULL),
(2542, 'Xã Minh Thanh', 'Xã', 76, NULL, NULL),
(2545, 'Xã Tân Trào', 'Xã', 76, NULL, NULL),
(2548, 'Xã Vĩnh Lợi', 'Xã', 76, NULL, NULL),
(2551, 'Xã Thượng Ấm', 'Xã', 76, NULL, NULL),
(2554, 'Xã Bình Yên', 'Xã', 76, NULL, NULL),
(2557, 'Xã Lương Thiện', 'Xã', 76, NULL, NULL),
(2560, 'Xã Tú Thịnh', 'Xã', 76, NULL, NULL),
(2563, 'Xã Cấp Tiến', 'Xã', 76, NULL, NULL),
(2566, 'Xã Hợp Thành', 'Xã', 76, NULL, NULL),
(2569, 'Xã Phúc Ứng', 'Xã', 76, NULL, NULL),
(2572, 'Xã Đông Thọ', 'Xã', 76, NULL, NULL),
(2575, 'Xã Kháng Nhật', 'Xã', 76, NULL, NULL),
(2578, 'Xã Hợp Hòa', 'Xã', 76, NULL, NULL),
(2581, 'Xã Thanh Phát', 'Xã', 76, NULL, NULL),
(2584, 'Xã Quyết Thắng', 'Xã', 76, NULL, NULL),
(2587, 'Xã Đồng Quý', 'Xã', 76, NULL, NULL),
(2590, 'Xã Tuân Lộ', 'Xã', 76, NULL, NULL),
(2593, 'Xã Vân Sơn', 'Xã', 76, NULL, NULL),
(2596, 'Xã Văn Phú', 'Xã', 76, NULL, NULL),
(2599, 'Xã Chi Thiết', 'Xã', 76, NULL, NULL),
(2602, 'Xã Đông Lợi', 'Xã', 76, NULL, NULL),
(2605, 'Xã Thiện Kế', 'Xã', 76, NULL, NULL),
(2608, 'Xã Hồng Lạc', 'Xã', 76, NULL, NULL),
(2611, 'Xã Phú Lương', 'Xã', 76, NULL, NULL),
(2614, 'Xã Ninh Lai', 'Xã', 76, NULL, NULL),
(2617, 'Xã Đại Phú', 'Xã', 76, NULL, NULL),
(2620, 'Xã Sơn Nam', 'Xã', 76, NULL, NULL),
(2623, 'Xã Hào Phú', 'Xã', 76, NULL, NULL),
(2626, 'Xã Tam Đa', 'Xã', 76, NULL, NULL),
(2629, 'Xã Sầm Dương', 'Xã', 76, NULL, NULL),
(2632, 'Xã Lâm Xuyên', 'Xã', 76, NULL, NULL),
(2635, 'Phường Duyên Hải', 'Phường', 80, NULL, NULL),
(2638, 'Phường Lào Cai', 'Phường', 80, NULL, NULL),
(2641, 'Phường Phố Mới', 'Phường', 80, NULL, NULL),
(2644, 'Phường Cốc Lếu', 'Phường', 80, NULL, NULL),
(2647, 'Phường Kim Tân', 'Phường', 80, NULL, NULL),
(2650, 'Phường Bắc Lệnh', 'Phường', 80, NULL, NULL),
(2653, 'Phường Pom Hán', 'Phường', 80, NULL, NULL),
(2656, 'Phường Xuân Tăng', 'Phường', 80, NULL, NULL),
(2658, 'Phường Bình Minh', 'Phường', 80, NULL, NULL),
(2659, 'Phường Thống Nhất', 'Phường', 80, NULL, NULL),
(2662, 'Xã Đồng Tuyển', 'Xã', 80, NULL, NULL),
(2665, 'Xã Vạn Hoà', 'Xã', 80, NULL, NULL),
(2668, 'Phường Bắc Cường', 'Phường', 80, NULL, NULL),
(2671, 'Phường Nam Cường', 'Phường', 80, NULL, NULL),
(2674, 'Xã Cam Đường', 'Xã', 80, NULL, NULL),
(2677, 'Xã Tả Phời', 'Xã', 80, NULL, NULL),
(2680, 'Xã Hợp Thành', 'Xã', 80, NULL, NULL),
(2683, 'Thị trấn Bát Xát', 'Thị trấn', 82, NULL, NULL),
(2686, 'Xã A Mú Sung', 'Xã', 82, NULL, NULL),
(2689, 'Xã Nậm Chạc', 'Xã', 82, NULL, NULL),
(2692, 'Xã A Lù', 'Xã', 82, NULL, NULL),
(2695, 'Xã Trịnh Tường', 'Xã', 82, NULL, NULL),
(2698, 'Xã Ngải Thầu', 'Xã', 82, NULL, NULL),
(2701, 'Xã Y Tý', 'Xã', 82, NULL, NULL),
(2704, 'Xã Cốc Mỳ', 'Xã', 82, NULL, NULL),
(2707, 'Xã Dền Sáng', 'Xã', 82, NULL, NULL),
(2710, 'Xã Bản Vược', 'Xã', 82, NULL, NULL),
(2713, 'Xã Sàng Ma Sáo', 'Xã', 82, NULL, NULL),
(2716, 'Xã Bản Qua', 'Xã', 82, NULL, NULL),
(2719, 'Xã Mường Vi', 'Xã', 82, NULL, NULL),
(2722, 'Xã Dền Thàng', 'Xã', 82, NULL, NULL),
(2725, 'Xã Bản Xèo', 'Xã', 82, NULL, NULL),
(2728, 'Xã Mường Hum', 'Xã', 82, NULL, NULL),
(2731, 'Xã Trung Lèng Hồ', 'Xã', 82, NULL, NULL),
(2734, 'Xã Quang Kim', 'Xã', 82, NULL, NULL),
(2737, 'Xã Pa Cheo', 'Xã', 82, NULL, NULL),
(2740, 'Xã Nậm Pung', 'Xã', 82, NULL, NULL),
(2743, 'Xã Phìn Ngan', 'Xã', 82, NULL, NULL),
(2746, 'Xã Cốc San', 'Xã', 82, NULL, NULL),
(2749, 'Xã Tòng Sành', 'Xã', 82, NULL, NULL),
(2752, 'Xã Pha Long', 'Xã', 83, NULL, NULL),
(2755, 'Xã Tả Ngải Chồ', 'Xã', 83, NULL, NULL),
(2758, 'Xã Tung Chung Phố', 'Xã', 83, NULL, NULL),
(2761, 'Thị trấn Mường Khương', 'Thị trấn', 83, NULL, NULL),
(2764, 'Xã Dìn Chin', 'Xã', 83, NULL, NULL),
(2767, 'Xã Tả Gia Khâu', 'Xã', 83, NULL, NULL),
(2770, 'Xã Nậm Chảy', 'Xã', 83, NULL, NULL),
(2773, 'Xã Nấm Lư', 'Xã', 83, NULL, NULL),
(2776, 'Xã Lùng Khấu Nhin', 'Xã', 83, NULL, NULL),
(2779, 'Xã Thanh Bình', 'Xã', 83, NULL, NULL),
(2782, 'Xã Cao Sơn', 'Xã', 83, NULL, NULL),
(2785, 'Xã Lùng Vai', 'Xã', 83, NULL, NULL),
(2788, 'Xã Bản Lầu', 'Xã', 83, NULL, NULL),
(2791, 'Xã La Pan Tẩn', 'Xã', 83, NULL, NULL),
(2794, 'Xã Tả Thàng', 'Xã', 83, NULL, NULL),
(2797, 'Xã Bản Sen', 'Xã', 83, NULL, NULL),
(2800, 'Xã Nàn Sán', 'Xã', 84, NULL, NULL),
(2803, 'Xã Thào Chư Phìn', 'Xã', 84, NULL, NULL),
(2806, 'Xã Bản Mế', 'Xã', 84, NULL, NULL),
(2809, 'Xã Si Ma Cai', 'Xã', 84, NULL, NULL),
(2812, 'Xã Sán Chải', 'Xã', 84, NULL, NULL),
(2815, 'Xã Mản Thẩn', 'Xã', 84, NULL, NULL),
(2818, 'Xã Lùng Sui', 'Xã', 84, NULL, NULL),
(2821, 'Xã Cán Cấu', 'Xã', 84, NULL, NULL),
(2824, 'Xã Sín Chéng', 'Xã', 84, NULL, NULL),
(2827, 'Xã Cán Hồ', 'Xã', 84, NULL, NULL),
(2830, 'Xã Quan Thần Sán', 'Xã', 84, NULL, NULL),
(2833, 'Xã Lử Thẩn', 'Xã', 84, NULL, NULL),
(2836, 'Xã Nàn Xín', 'Xã', 84, NULL, NULL),
(2839, 'Thị trấn Bắc Hà', 'Thị trấn', 85, NULL, NULL),
(2842, 'Xã Lùng Cải', 'Xã', 85, NULL, NULL),
(2845, 'Xã Bản Già', 'Xã', 85, NULL, NULL),
(2848, 'Xã Lùng Phình', 'Xã', 85, NULL, NULL),
(2851, 'Xã Tả Van Chư', 'Xã', 85, NULL, NULL),
(2854, 'Xã Tả Củ Tỷ', 'Xã', 85, NULL, NULL),
(2857, 'Xã Thải Giàng Phố', 'Xã', 85, NULL, NULL),
(2860, 'Xã Lầu Thí Ngài', 'Xã', 85, NULL, NULL),
(2863, 'Xã Hoàng Thu Phố', 'Xã', 85, NULL, NULL),
(2866, 'Xã Bản Phố', 'Xã', 85, NULL, NULL),
(2869, 'Xã Bản Liền', 'Xã', 85, NULL, NULL),
(2872, 'Xã Tà Chải', 'Xã', 85, NULL, NULL),
(2875, 'Xã Na Hối', 'Xã', 85, NULL, NULL),
(2878, 'Xã Cốc Ly', 'Xã', 85, NULL, NULL),
(2881, 'Xã Nậm Mòn', 'Xã', 85, NULL, NULL),
(2884, 'Xã Nậm Đét', 'Xã', 85, NULL, NULL),
(2887, 'Xã Nậm Khánh', 'Xã', 85, NULL, NULL),
(2890, 'Xã Bảo Nhai', 'Xã', 85, NULL, NULL),
(2893, 'Xã Nậm Lúc', 'Xã', 85, NULL, NULL),
(2896, 'Xã Cốc Lầu', 'Xã', 85, NULL, NULL),
(2899, 'Xã Bản Cái', 'Xã', 85, NULL, NULL),
(2902, 'Thị trấn N.T Phong Hải', 'Thị trấn', 86, NULL, NULL),
(2905, 'Thị trấn Phố Lu', 'Thị trấn', 86, NULL, NULL),
(2908, 'Thị trấn Tằng Loỏng', 'Thị trấn', 86, NULL, NULL),
(2911, 'Xã Bản Phiệt', 'Xã', 86, NULL, NULL),
(2914, 'Xã Bản Cầm', 'Xã', 86, NULL, NULL),
(2917, 'Xã Thái Niên', 'Xã', 86, NULL, NULL),
(2920, 'Xã Phong Niên', 'Xã', 86, NULL, NULL),
(2923, 'Xã Gia Phú', 'Xã', 86, NULL, NULL),
(2926, 'Xã Xuân Quang', 'Xã', 86, NULL, NULL),
(2929, 'Xã Sơn Hải', 'Xã', 86, NULL, NULL),
(2932, 'Xã Xuân Giao', 'Xã', 86, NULL, NULL),
(2935, 'Xã Trì Quang', 'Xã', 86, NULL, NULL),
(2938, 'Xã Sơn Hà', 'Xã', 86, NULL, NULL),
(2941, 'Xã Phố Lu', 'Xã', 86, NULL, NULL),
(2944, 'Xã Phú Nhuận', 'Xã', 86, NULL, NULL),
(2947, 'Thị trấn Phố Ràng', 'Thị trấn', 87, NULL, NULL),
(2950, 'Xã Tân Tiến', 'Xã', 87, NULL, NULL),
(2953, 'Xã Nghĩa Đô', 'Xã', 87, NULL, NULL),
(2956, 'Xã Vĩnh Yên', 'Xã', 87, NULL, NULL),
(2959, 'Xã Điện Quan', 'Xã', 87, NULL, NULL),
(2962, 'Xã Xuân Hoà', 'Xã', 87, NULL, NULL),
(2965, 'Xã Tân Dương', 'Xã', 87, NULL, NULL),
(2968, 'Xã Thượng Hà', 'Xã', 87, NULL, NULL),
(2971, 'Xã Kim Sơn', 'Xã', 87, NULL, NULL),
(2974, 'Xã Cam Cọn', 'Xã', 87, NULL, NULL),
(2977, 'Xã Minh Tân', 'Xã', 87, NULL, NULL),
(2980, 'Xã Xuân Thượng', 'Xã', 87, NULL, NULL),
(2983, 'Xã Việt Tiến', 'Xã', 87, NULL, NULL),
(2986, 'Xã Yên Sơn', 'Xã', 87, NULL, NULL),
(2989, 'Xã Bảo Hà', 'Xã', 87, NULL, NULL),
(2992, 'Xã Lương Sơn', 'Xã', 87, NULL, NULL),
(2995, 'Xã Long Phúc', 'Xã', 87, NULL, NULL),
(2998, 'Xã Long Khánh', 'Xã', 87, NULL, NULL),
(3001, 'Thị trấn Sa Pa', 'Thị trấn', 88, NULL, NULL),
(3004, 'Xã Bản Khoang', 'Xã', 88, NULL, NULL),
(3007, 'Xã Tả Giàng Phình', 'Xã', 88, NULL, NULL),
(3010, 'Xã Trung Chải', 'Xã', 88, NULL, NULL),
(3013, 'Xã Tả Phìn', 'Xã', 88, NULL, NULL),
(3016, 'Xã Sa Pả', 'Xã', 88, NULL, NULL),
(3019, 'Xã San Sả Hồ', 'Xã', 88, NULL, NULL),
(3022, 'Xã Bản Phùng', 'Xã', 88, NULL, NULL),
(3025, 'Xã Hầu Thào', 'Xã', 88, NULL, NULL),
(3028, 'Xã Lao Chải', 'Xã', 88, NULL, NULL),
(3031, 'Xã Thanh Kim', 'Xã', 88, NULL, NULL),
(3034, 'Xã Suối Thầu', 'Xã', 88, NULL, NULL),
(3037, 'Xã Sử Pán', 'Xã', 88, NULL, NULL),
(3040, 'Xã Tả Van', 'Xã', 88, NULL, NULL),
(3043, 'Xã Thanh Phú', 'Xã', 88, NULL, NULL),
(3046, 'Xã Bản Hồ', 'Xã', 88, NULL, NULL),
(3049, 'Xã Nậm Sài', 'Xã', 88, NULL, NULL),
(3052, 'Xã Nậm Cang', 'Xã', 88, NULL, NULL),
(3055, 'Thị trấn Khánh Yên', 'Thị trấn', 89, NULL, NULL),
(3058, 'Xã Văn Sơn', 'Xã', 89, NULL, NULL),
(3061, 'Xã Võ Lao', 'Xã', 89, NULL, NULL),
(3064, 'Xã Sơn Thuỷ', 'Xã', 89, NULL, NULL),
(3067, 'Xã Nậm Mả', 'Xã', 89, NULL, NULL),
(3070, 'Xã Tân Thượng', 'Xã', 89, NULL, NULL),
(3073, 'Xã Nậm Rạng', 'Xã', 89, NULL, NULL),
(3076, 'Xã Nậm Chầy', 'Xã', 89, NULL, NULL),
(3079, 'Xã Tân An', 'Xã', 89, NULL, NULL),
(3082, 'Xã Khánh Yên Thượng', 'Xã', 89, NULL, NULL),
(3085, 'Xã Nậm Xé', 'Xã', 89, NULL, NULL),
(3088, 'Xã Dần Thàng', 'Xã', 89, NULL, NULL),
(3091, 'Xã Chiềng Ken', 'Xã', 89, NULL, NULL),
(3094, 'Xã Làng Giàng', 'Xã', 89, NULL, NULL),
(3097, 'Xã Hoà Mạc', 'Xã', 89, NULL, NULL),
(3100, 'Xã Khánh Yên Trung', 'Xã', 89, NULL, NULL),
(3103, 'Xã Khánh Yên Hạ', 'Xã', 89, NULL, NULL),
(3106, 'Xã Dương Quỳ', 'Xã', 89, NULL, NULL),
(3109, 'Xã Nậm Tha', 'Xã', 89, NULL, NULL),
(3112, 'Xã Minh Lương', 'Xã', 89, NULL, NULL),
(3115, 'Xã Thẩm Dương', 'Xã', 89, NULL, NULL),
(3118, 'Xã Liêm Phú', 'Xã', 89, NULL, NULL),
(3121, 'Xã Nậm Xây', 'Xã', 89, NULL, NULL),
(3124, 'Phường Noong Bua', 'Phường', 94, NULL, NULL),
(3127, 'Phường Him Lam', 'Phường', 94, NULL, NULL),
(3130, 'Phường Thanh Bình', 'Phường', 94, NULL, NULL),
(3133, 'Phường Tân Thanh', 'Phường', 94, NULL, NULL),
(3136, 'Phường Mường Thanh', 'Phường', 94, NULL, NULL),
(3139, 'Phường Nam Thanh', 'Phường', 94, NULL, NULL),
(3142, 'Phường Thanh Trường', 'Phường', 94, NULL, NULL),
(3144, 'Xã Tà Lèng', 'Xã', 94, NULL, NULL),
(3145, 'Xã Thanh Minh', 'Xã', 94, NULL, NULL),
(3148, 'Phường Sông Đà', 'Phường', 95, NULL, NULL),
(3151, 'Phường Na Lay', 'Phường', 95, NULL, NULL),
(3154, 'Xã Sín Thầu', 'Xã', 96, NULL, NULL),
(3155, 'Xã Sen Thượng', 'Xã', 96, NULL, NULL),
(3156, 'Xã Nậm Tin', 'Xã', 103, NULL, NULL),
(3157, 'Xã Chung Chải', 'Xã', 96, NULL, NULL),
(3158, 'Xã Leng Su Sìn', 'Xã', 96, NULL, NULL),
(3159, 'Xã Pá Mỳ', 'Xã', 96, NULL, NULL),
(3160, 'Xã Mường Nhé', 'Xã', 96, NULL, NULL),
(3161, 'Xã Nậm Vì', 'Xã', 96, NULL, NULL),
(3162, 'Xã Nậm Kè', 'Xã', 96, NULL, NULL),
(3163, 'Xã Mường Toong', 'Xã', 96, NULL, NULL),
(3164, 'Xã Quảng Lâm', 'Xã', 96, NULL, NULL),
(3165, 'Xã Pa Tần', 'Xã', 103, NULL, NULL),
(3166, 'Xã Chà Cang', 'Xã', 103, NULL, NULL),
(3167, 'Xã Na Cô Sa', 'Xã', 103, NULL, NULL),
(3168, 'Xã Nà Khoa', 'Xã', 103, NULL, NULL),
(3169, 'Xã Nà Hỳ', 'Xã', 103, NULL, NULL),
(3170, 'Xã Nà Bủng', 'Xã', 103, NULL, NULL),
(3171, 'Xã Nậm Nhừ', 'Xã', 103, NULL, NULL),
(3172, 'Thị Trấn Mường Chà', 'Thị trấn', 97, NULL, NULL),
(3173, 'Xã Nậm Chua', 'Xã', 103, NULL, NULL),
(3174, 'Xã Nậm Khăn', 'Xã', 103, NULL, NULL),
(3175, 'Xã Chà Tở', 'Xã', 103, NULL, NULL),
(3176, 'Xã Vàng Đán', 'Xã', 103, NULL, NULL),
(3177, 'Xã Huổi Lếnh', 'Xã', 96, NULL, NULL),
(3178, 'Xã Xá Tổng', 'Xã', 97, NULL, NULL),
(3181, 'Xã Mường Tùng', 'Xã', 97, NULL, NULL),
(3184, 'Xã Lay Nưa', 'Xã', 95, NULL, NULL),
(3187, 'Xã Chà Nưa', 'Xã', 103, NULL, NULL),
(3190, 'Xã Hừa Ngài', 'Xã', 97, NULL, NULL),
(3191, 'Xã Huổi Mí', 'Xã', 97, NULL, NULL),
(3193, 'Xã Pa Ham', 'Xã', 97, NULL, NULL),
(3194, 'Xã Nậm Nèn', 'Xã', 97, NULL, NULL),
(3196, 'Xã Huổi Lèng', 'Xã', 97, NULL, NULL),
(3197, 'Xã Sa Lông', 'Xã', 97, NULL, NULL),
(3198, 'Xã Phìn Hồ', 'Xã', 103, NULL, NULL),
(3199, 'Xã Si Pa Phìn', 'Xã', 103, NULL, NULL),
(3200, 'Xã Ma Thì Hồ', 'Xã', 97, NULL, NULL);

--
-- Indexes for dumped tables
--

--
-- Indexes for table `attributes`
--
ALTER TABLE `attributes`
  ADD PRIMARY KEY (`idAttribute`),
  ADD KEY `attributes_id_option_fr` (`idOption`);

--
-- Indexes for table `brands`
--
ALTER TABLE `brands`
  ADD PRIMARY KEY (`idBrand`),
  ADD KEY `brands_id_category_fr` (`idCategory`);

--
-- Indexes for table `categories`
--
ALTER TABLE `categories`
  ADD PRIMARY KEY (`idCategory`);

--
-- Indexes for table `cities`
--
ALTER TABLE `cities`
  ADD PRIMARY KEY (`idCity`);

--
-- Indexes for table `customers`
--
ALTER TABLE `customers`
  ADD PRIMARY KEY (`idCustomer`),
  ADD UNIQUE KEY `email` (`email`),
  ADD KEY `customers_id_city_fr` (`idCity`),
  ADD KEY `customer_id_district_fr` (`idDistrict`);

--
-- Indexes for table `districts`
--
ALTER TABLE `districts`
  ADD PRIMARY KEY (`idDistrict`),
  ADD KEY `districts_id_city_fr` (`idCity`);

--
-- Indexes for table `evalues`
--
ALTER TABLE `evalues`
  ADD PRIMARY KEY (`idEvalue`),
  ADD KEY `evalues_id_customer_fr` (`idCustomer`),
  ADD KEY `evalues_id_product_fr` (`idProduct`);

--
-- Indexes for table `imagesproduct`
--
ALTER TABLE `imagesproduct`
  ADD PRIMARY KEY (`idImage`),
  ADD KEY `images_id_product_fk` (`idProduct`);

--
-- Indexes for table `options`
--
ALTER TABLE `options`
  ADD PRIMARY KEY (`idOption`),
  ADD KEY `options_id_product_fk` (`idProduct`);

--
-- Indexes for table `orderdetail`
--
ALTER TABLE `orderdetail`
  ADD PRIMARY KEY (`idOrderDetail`),
  ADD KEY `orderdetail_id_order_fr` (`idOrder`),
  ADD KEY `orderdetail_id_product_fr` (`idProduct`);

--
-- Indexes for table `orders`
--
ALTER TABLE `orders`
  ADD PRIMARY KEY (`idOrder`),
  ADD KEY `orders_id_customer_fr` (`idCustomer`);

--
-- Indexes for table `products`
--
ALTER TABLE `products`
  ADD PRIMARY KEY (`idProduct`),
  ADD KEY `products_id_category_fk` (`idCategory`),
  ADD KEY `products_id_brand_fr` (`idBrand`);

--
-- Indexes for table `specifications`
--
ALTER TABLE `specifications`
  ADD PRIMARY KEY (`idSpecification`),
  ADD KEY `specifications_id_product_fr` (`idProduct`);

--
-- Indexes for table `streets`
--
ALTER TABLE `streets`
  ADD KEY `streets_id_district_fk` (`district_id`);

--
-- AUTO_INCREMENT for dumped tables
--

--
-- AUTO_INCREMENT for table `attributes`
--
ALTER TABLE `attributes`
  MODIFY `idAttribute` int(11) NOT NULL AUTO_INCREMENT, AUTO_INCREMENT=44;

--
-- AUTO_INCREMENT for table `brands`
--
ALTER TABLE `brands`
  MODIFY `idBrand` int(11) NOT NULL AUTO_INCREMENT, AUTO_INCREMENT=5;

--
-- AUTO_INCREMENT for table `categories`
--
ALTER TABLE `categories`
  MODIFY `idCategory` int(11) NOT NULL AUTO_INCREMENT, AUTO_INCREMENT=13;

--
-- AUTO_INCREMENT for table `cities`
--
ALTER TABLE `cities`
  MODIFY `idCity` int(11) NOT NULL AUTO_INCREMENT, AUTO_INCREMENT=97;

--
-- AUTO_INCREMENT for table `customers`
--
ALTER TABLE `customers`
  MODIFY `idCustomer` int(11) NOT NULL AUTO_INCREMENT, AUTO_INCREMENT=39;

--
-- AUTO_INCREMENT for table `districts`
--
ALTER TABLE `districts`
  MODIFY `idDistrict` int(11) NOT NULL AUTO_INCREMENT, AUTO_INCREMENT=974;

--
-- AUTO_INCREMENT for table `evalues`
--
ALTER TABLE `evalues`
  MODIFY `idEvalue` int(11) NOT NULL AUTO_INCREMENT, AUTO_INCREMENT=904;

--
-- AUTO_INCREMENT for table `imagesproduct`
--
ALTER TABLE `imagesproduct`
  MODIFY `idImage` int(11) NOT NULL AUTO_INCREMENT, AUTO_INCREMENT=48;

--
-- AUTO_INCREMENT for table `options`
--
ALTER TABLE `options`
  MODIFY `idOption` int(11) NOT NULL AUTO_INCREMENT, AUTO_INCREMENT=46;

--
-- AUTO_INCREMENT for table `orderdetail`
--
ALTER TABLE `orderdetail`
  MODIFY `idOrderDetail` int(11) NOT NULL AUTO_INCREMENT, AUTO_INCREMENT=24;

--
-- AUTO_INCREMENT for table `orders`
--
ALTER TABLE `orders`
  MODIFY `idOrder` int(11) NOT NULL AUTO_INCREMENT, AUTO_INCREMENT=10;

--
-- AUTO_INCREMENT for table `products`
--
ALTER TABLE `products`
  MODIFY `idProduct` int(11) NOT NULL AUTO_INCREMENT, AUTO_INCREMENT=250;

--
-- AUTO_INCREMENT for table `specifications`
--
ALTER TABLE `specifications`
  MODIFY `idSpecification` int(11) NOT NULL AUTO_INCREMENT, AUTO_INCREMENT=1408;

--
-- Constraints for dumped tables
--

--
-- Constraints for table `attributes`
--
ALTER TABLE `attributes`
  ADD CONSTRAINT `attributes_id_option_fr` FOREIGN KEY (`idOption`) REFERENCES `options` (`idOption`) ON DELETE CASCADE ON UPDATE CASCADE;

--
-- Constraints for table `brands`
--
ALTER TABLE `brands`
  ADD CONSTRAINT `brands_id_category_fr` FOREIGN KEY (`idCategory`) REFERENCES `categories` (`idCategory`) ON DELETE CASCADE ON UPDATE CASCADE;

--
-- Constraints for table `customers`
--
ALTER TABLE `customers`
  ADD CONSTRAINT `customer_id_district_fr` FOREIGN KEY (`idDistrict`) REFERENCES `districts` (`idDistrict`) ON DELETE NO ACTION ON UPDATE NO ACTION,
  ADD CONSTRAINT `customers_id_city_fr` FOREIGN KEY (`idCity`) REFERENCES `cities` (`idCity`) ON DELETE NO ACTION ON UPDATE NO ACTION;

--
-- Constraints for table `districts`
--
ALTER TABLE `districts`
  ADD CONSTRAINT `districts_id_city_fr` FOREIGN KEY (`idCity`) REFERENCES `cities` (`idCity`) ON DELETE CASCADE ON UPDATE CASCADE;

--
-- Constraints for table `evalues`
--
ALTER TABLE `evalues`
  ADD CONSTRAINT `evalues_id_customer_fr` FOREIGN KEY (`idCustomer`) REFERENCES `customers` (`idCustomer`) ON DELETE CASCADE ON UPDATE CASCADE,
  ADD CONSTRAINT `evalues_id_product_fr` FOREIGN KEY (`idProduct`) REFERENCES `products` (`idProduct`);

--
-- Constraints for table `imagesproduct`
--
ALTER TABLE `imagesproduct`
  ADD CONSTRAINT `images_id_product_fk` FOREIGN KEY (`idProduct`) REFERENCES `products` (`idProduct`) ON DELETE CASCADE ON UPDATE CASCADE;

--
-- Constraints for table `options`
--
ALTER TABLE `options`
  ADD CONSTRAINT `options_id_product_fk` FOREIGN KEY (`idProduct`) REFERENCES `products` (`idProduct`) ON DELETE CASCADE ON UPDATE CASCADE;

--
-- Constraints for table `orderdetail`
--
ALTER TABLE `orderdetail`
  ADD CONSTRAINT `orderdetail_id_order_fr` FOREIGN KEY (`idOrder`) REFERENCES `orders` (`idOrder`) ON DELETE CASCADE ON UPDATE CASCADE,
  ADD CONSTRAINT `orderdetail_id_product_fr` FOREIGN KEY (`idProduct`) REFERENCES `products` (`idProduct`) ON DELETE CASCADE ON UPDATE CASCADE;

--
-- Constraints for table `orders`
--
ALTER TABLE `orders`
  ADD CONSTRAINT `orders_id_customer_fr` FOREIGN KEY (`idCustomer`) REFERENCES `customers` (`idCustomer`) ON DELETE CASCADE ON UPDATE CASCADE;

--
-- Constraints for table `products`
--
ALTER TABLE `products`
  ADD CONSTRAINT `products_id_brand_fr` FOREIGN KEY (`idBrand`) REFERENCES `brands` (`idBrand`) ON DELETE CASCADE ON UPDATE CASCADE,
  ADD CONSTRAINT `products_id_category_fk` FOREIGN KEY (`idCategory`) REFERENCES `categories` (`idCategory`) ON DELETE CASCADE ON UPDATE CASCADE;

--
-- Constraints for table `specifications`
--
ALTER TABLE `specifications`
  ADD CONSTRAINT `specifications_id_product_fr` FOREIGN KEY (`idProduct`) REFERENCES `products` (`idProduct`) ON DELETE CASCADE ON UPDATE CASCADE;

--
-- Constraints for table `streets`
--
ALTER TABLE `streets`
  ADD CONSTRAINT `streets_id_district_fk` FOREIGN KEY (`district_id`) REFERENCES `districts` (`idDistrict`) ON DELETE NO ACTION ON UPDATE NO ACTION;
COMMIT;

/*!40101 SET CHARACTER_SET_CLIENT=@OLD_CHARACTER_SET_CLIENT */;
/*!40101 SET CHARACTER_SET_RESULTS=@OLD_CHARACTER_SET_RESULTS */;
/*!40101 SET COLLATION_CONNECTION=@OLD_COLLATION_CONNECTION */;
